"Country","Household_ID","Round","Landscape","Crops","Permanent_Crops","Livestock_Byproducts","Livestock","Crop_Byproducts","Rate","total"
"GHA","13sx7zZ45L7","1","L01",155.473781048758,0,2.75988960441582,49.144561995298,0,4.348,207.378232648472
"GHA","aC1Yp9Vbbb9","1","L02",2733.90064397424,0,11.4995400183993,0,0,4.348,2745.40018399264
"GHA","jVAvmnH4bS6","1","L05",931.232750689972,948.712051517939,3.67985280588776,91.9963201471941,0,4.348,1975.62097516099
"GHA","FcfWcnPR1A6","1","L01",64.8574057037718,0,2.29990800367985,0,0,4.348,67.1573137074517
"GHA","FEggU1cWz95","1","L05",-112.695492180313,632.474701011959,0,0,0,4.348,519.779208831647
"GHA","o1P6K2wcxu7","1","L05",356.945722171113,662.373505059798,0,0,202.391904323827,4.348,1221.71113155474
"GHA","K5Z7A224KK7","1","L03",-83.7166513339466,0,11.4995400183993,47.6540938362466,0,4.348,-24.5630174793008
"GHA","aEPhhDYMsKA","1","L01",389.144434222631,0,0.574977000919963,0,0,4.348,389.719411223551
"GHA","K7cFANftUD3","1","L06",-22.0791168353266,0,0,0,0,4.348,-22.0791168353266
"GHA","fkisAfkhBS2","1","L02",11.0395584176633,0,0,551.977920883165,0,4.348,563.017479300828
"GHA","1YyZC8Zyxy7","1","L03",31.278748850046,0,2.29990800367985,6.57773689052438,0,4.348,40.1563937442502
"GHA","UUj4sWMqYC3","1","L02",1125.11499540018,0,2.75988960441582,110.395584176633,0,4.348,1238.27046918123
"GHA","AKMWbrcHqo7","1","L04",-4.13983440662374,0,0,0,0,4.348,-4.13983440662374
"GHA","4xFbY5oyU82","1","L06",-32.1987120515179,0,0,0,0,4.348,-32.1987120515179
"GHA","QNH5zfmLt2B","1","L06",103.495860165593,551.977920883165,6.89972401103956,118.340301633438,0,4.348,780.713806693235
"GHA","87qeDKg8sj5","1","L01",528.978840846366,0,82.3367065317387,13.6844526218951,0,4.348,625
"GHA","P6yZhzEGVc6","1","L04",-89.6964121435143,0,0,0,0,4.348,-89.6964121435143
"GHA","2Q7MnSV2oJ5","1","L06",487.074517019319,533.578656853726,44.1582336706532,241.883693231107,0,4.348,1306.69510077481
"GHA","ArjKWQXjiQ2","1","L02",122.355105795768,0,0,7.47118726362057,0,4.348,129.826293059389
"GHA","arUegScQDF9","1","L02",2042.31830726771,0,18.3992640294388,286.12708269447,0,4.348,2346.84465399162
"GHA","pdf1PrAkhV","1","L05",543.698252069917,965.961361545538,0,0,0,4.348,1509.65961361546
"GHA","pEa2FhYEyQ2","1","L02",70.7221711131555,0,5.74977000919963,114.346953899622,0,4.348,190.818895021977
"GHA","2w6GUTeKDd","1","L03",1363.84544618215,0,0,0,0,4.348,1363.84544618215
"GHA","TVHKxGJD4T5","1","L06",-6.89972401103956,0,0,0,0,4.348,-6.89972401103956
"GHA","FYM9NczMwv9","1","L05",18.3992640294388,0,0,0,0,4.348,18.3992640294388
"GHA","3262VdP66d2","1","L06",-50.5979760809568,3470.5611775529,0,9.97585096596136,831.002759889604,4.348,4260.94181232751
"GHA","5JcGGbr2Y88","1","L03",649.149034038638,0,1.72493100275989,36.982520699172,0,4.348,687.85648574057
"GHA","pKpxx6da5u6","1","L04",576.241950321987,649.839006439742,22.9990800367985,22.8393642032097,781.96872125115,4.348,2053.88812225289
"GHA","QYtwXPgNBa3","1","L05",289.788408463661,236.890524379025,0,6.89972401103956,0,4.348,533.578656853726
"GHA","GAwYHaSgWn8","1","L06",220.791168353266,0,0,55.1977920883165,0,4.348,275.988960441582
"GHA","KSchTBWs2p7","1","L01",210.441582336707,0,65.9291628334867,172.556986609425,0,4.348,448.927731779618
"GHA","Kte7LVWAkq7","1","L03",1333.48666053358,0,0,0,0,4.348,1333.48666053358
"GHA","Kte7LVWAkq7","1","L03",1333.48666053358,0,0,0,0,4.348,1333.48666053358
"GHA","BNLAgvK3aCA","1","L02",702.391904323827,0,0,215.721787795155,0,4.348,918.113692118982
"GHA","3oYDbENAuo","1","L03",490.340386384545,0,2.29990800367985,6.89972401103956,0,4.348,499.540018399264
"GHA","gEi4dQZTGjA","1","L02",2908.23367065317,1846.82612695492,22.9990800367985,-57.6066719235992,0,4.348,4720.4522057213
"GHA","d4TMBLeBJr2","1","L02",871.435142594296,0,2.29990800367985,27.3874322804866,0,4.348,901.122482878463
"GHA","gggGZ6AgZ6A","1","L05",816.467341306348,413.983440662374,11.4995400183993,20.6991720331187,0,4.348,1262.64949402024
"GHA","ydHcUTHKzD7","1","L06",-10.3495860165593,91.9963201471941,9.19963201471941,13.3011346212818,0,4.348,104.147500766636
"GHA","reM7upJxET6","1","L06",-8.27966881324747,0,9.19963201471941,99.5768855034164,0,4.348,100.496848704888
"GHA","4DD1mGbS2b6","1","L05",1324.7470101196,1338.54645814167,0,17.2493100275989,33118.6752529899,4.348,35799.2180312787
"GHA","bvFDUPT6cv8","1","L03",753.219871205152,0,13.5694572217111,39.4434222631095,0,4.348,806.232750689972
"GHA","qAcLcu8zBx5","1","L04",0,0,0,0,0,4.348,0
"GHA","qAcLcu8zBx5","1","L04",0,0,0,0,0,4.348,0
"GHA","GPMVX5tyrx4","1","L03",892.824287028519,0,0,0,0,4.348,892.824287028519
"GHA","BwcbgH6pxh9","1","L06",-22.9990800367985,0,7.35970561177553,73.7795840621407,0,4.348,58.1402096371177
"GHA","LeYiNjAjKi2","1","L06",2028.05887764489,0,6.66973321067157,0,689.972401103956,4.348,2724.70101195952
"GHA","gRQgL3UsPb6","1","L04",521.389144434223,577.966881324747,3.44986200551978,254.012061739753,562.572830420117,4.348,1919.39077992436
"GHA","4TD5PFFKHJ7","1","L06",1083.25666973321,763.569457221711,118.215271389144,370.275605642441,0,4.348,2335.31700398651
"GHA","4TD5PFFKHJ7","1","L06",1083.25666973321,763.569457221711,118.215271389144,370.275605642441,0,4.348,2335.31700398651
"GHA","c4ZGhkt4uq2","1","L06",237.810487580497,303.587856485741,0.114995400183993,0,0,4.348,541.513339466421
"GHA","7KKdwdFxzG7","1","L06",1877.8748850046,2759.88960441582,66.2373505059798,369.884060374095,413.983440662374,4.348,5487.86934096287
"GHA","C7yu9JZpZ96","1","L03",-51.5179392824287,0,11.4995400183993,225.567310640908,0,4.348,185.548911376878
"GHA","vz6UQ8NGgEA","1","L01",1005.97976080957,0,12.8794848206072,225.448482060718,0,4.348,1244.30772769089
"GHA","Yt9L1fZvpf5","1","L06",-18.3992640294388,3679.85280588776,137.994480220791,1655.93376264949,0,4.348,5455.38178472861
"GHA","uVDhbqsgm8B","1","L06",-137.994480220791,344.986200551978,3.44986200551978,0,0,4.348,210.441582336707
"GHA","Ly7CbRbwGm9","1","L05",-9.19963201471941,0,0,0,0,4.348,-9.19963201471941
"GHA","56esinYPtWB","1","L03",516.329346826127,0,4.59981600735971,37.78748850046,0,4.348,558.716651333947
"GHA","W8ZrkDDq8B","1","L06",1149.95400183993,183.992640294388,183.992640294388,117.27704607583,0,4.348,1635.21632850453
"GHA","qqEgat4rGk9","1","L01",173.183072677093,0,2.29990800367985,3.33486660533579,0,4.348,178.817847286109
"GHA","V42v2Qoi8j3","1","L01",781.96872125115,0,260.349586016559,426.632934682613,0,4.348,1468.95124195032
"GHA","v5AnXEEYcG3","1","L04",1086.47654093836,877.644894204232,2.98988040478381,22.9990800367985,0,4.348,1990.11039558418
"GHA","h7GgmuPVUH3","1","L06",-4.59981600735971,0,7.35970561177553,9.97585096596136,0,4.348,12.7357405703772
"GHA","cSN6zpcALp9","1","L02",1089.92640294388,0,17.0193192272309,141.289874198683,0,4.348,1248.2355963698
"GHA","5G241XCT6VA","1","L03",9472.17111315547,0,8.04967801287948,60.8095676172953,0,4.348,9541.03035878565
"GHA","5G241XCT6VA","1","L03",9472.17111315547,0,8.04967801287948,60.8095676172953,0,4.348,9541.03035878565
"GHA","AZbZLMWXXU5","1","L04",-394.434222631095,45.9981600735971,862.465501379945,840.233057344373,0,4.348,1354.26249616682
"GHA","qy7poFPTo22","1","L01",91.9963201471941,0,4.82980680772769,0,0,4.348,96.8261269549218
"GHA","zAweUkHmCz8","1","L05",1021.15915363385,2042.31830726771,0,0,0,4.348,3063.47746090156
"GHA","5rf37agRoT5","1","L04",1033.46366145354,197.792088316467,34.4986200551978,9.13574568128386,0,4.348,1274.89011550649
"GHA","HJ9K9FonFCA","1","L04",477.460901563937,585.096596136155,0,18.2714913625677,0,4.348,1080.82898906266
"GHA","5xb8kqgFVh9","1","L01",2714.99540018399,0,11.4995400183993,51.2304507819687,0,4.348,2777.72539098436
"GHA","jqEwCxargT5","1","L06",-45.9981600735971,827.966881324747,1.14995400183993,33.090378297038,0,4.348,816.209053550028
"GHA","wTASpGRGc38","1","L05",2575.89696412144,5151.79392824287,0,0,0,4.348,7727.69089236431
"GHA","GDXUCUdQZB6","1","L03",73.5970561177553,0,9.88960441582337,6.89972401103956,0,4.348,90.3863845446182
"GHA","HqDbz9qjXL","1","L05",517.479300827967,1655.93376264949,33.1186752529899,186.292548298068,413.983440662374,4.348,2806.80772769089
"GHA","JsGWt7k9dz2","1","L05",66.6973321067157,0,0,0,0,4.348,66.6973321067157
"GHA","hrKn2nuXSs9","1","L06",-62.557497700092,0,0,0,0,4.348,-62.557497700092
"GHA","ZgVCya2zX73","1","L01",1537.48850045998,0,8.27966881324747,268.859245630175,0,4.348,1814.6274149034
"GHA","eYyzj3xgGn8","1","L06",-13.7994480220791,0,2.29990800367985,13.3011346212818,0,4.348,1.80159460288255
"GHA","6o1LRkbmmy9","1","L05",973.321067157314,1013.10947562098,57.4977000919963,365.685372585097,0,4.348,2409.61361545538
"GHA","6rFDY18oMR9","1","L05",1904.32382704692,1904.32382704692,3.44986200551978,10.3495860165593,0,4.348,3822.44710211592
"GHA","HYK4pqongQ7","1","L03",780.24379024839,0,0,197.148114075437,0,4.348,977.391904323827
"GHA","dSafpBy1bV9","1","L04",48.2980680772769,0,0,45.6787284064193,0,4.348,93.9767964836962
"GHA","RkxgfouGkY6","1","L02",1791.85832566697,0,0,162.789678889035,0,4.348,1954.64800455601
"GHA","o1aKSCrDRMB","1","L05",418.123275068997,1264.71941122355,5.74977000919963,24.1490340386385,0,4.348,1712.74149034039
"GHA","LeYiNjAjKi2","1","L06",2028.05887764489,0,6.66973321067157,0,689.972401103956,4.348,2724.70101195952
"GHA","vVmon4etMR7","1","L04",0,0,0,0,0,4.348,0
"GHA","dVULAjf4W89","1","L01",84.8666053357866,0,2.29990800367985,19.3767249310028,0,4.348,106.543238270469
"GHA","dVULAjf4W89","1","L01",84.8666053357866,0,2.29990800367985,19.3767249310028,0,4.348,106.543238270469
"GHA","thieXHRj9r7","1","L06",535.878564857406,0,16.099356025759,161.271465808034,8279.66881324747,4.348,8992.91819993867
"GHA","k8zEL6BmKHB","1","L01",48.2980680772769,0,6.89972401103956,0,0,4.348,55.1977920883165
"GHA","vyxUdnM5dv5","1","L02",284.26862925483,0,3.21987120515179,11.4995400183993,0,4.348,298.988040478381
"GHA","KaNq8vjzJV5","1","L04",855.7497700092,367.985280588776,1.83992640294388,13.7036185219258,1011.95952161914,4.348,2251.23811714198
"GHA","n3hCRp3nTfB","1","L01",46.918123275069,0,0,0,0,4.348,46.918123275069
"GHA","zwCpRhKnPo9","1","L05",808.992640294388,926.287948482061,0,0,0,4.348,1735.28058877645
"GHA","E3EGXT3BJS5","1","L06",206.991720331187,0,6.43974241030359,98.646887457835,0,4.348,312.078350199325
"GHA","rzTsdWdr6y3","1","L04",60.2575896964121,82.7966881324747,2.29990800367985,0,0,4.348,145.354185832567
"GHA","tsyzA3E2k36","1","L04",510.349586016559,137.994480220791,0,18.2714913625677,0,4.348,666.615557599918
"GHA","e4zTqWoHTi","1","L01",1747.93008279669,0,1.14995400183993,43.6982520699172,0,4.348,1792.77828886845
"GHA","Xg5bY5Ztxx2","1","L01",158.69365225391,0,3.44986200551978,0,0,4.348,162.14351425943
"GHA","XiQuiDjntD2","1","L02",824.517019319227,0,7.47470101195952,23.6890524379025,0,4.348,855.680772769089
"GHA","jCvYgt72fP4","1","L06",469.18123275069,0,12.6494940202392,53.540393629758,0,4.348,535.371120400687
"GHA","EAdeyuGhu85","1","L01",42.7782888684453,0,0.919963201471941,43.5672850863743,0,4.348,87.2655371562915
"GHA","eaQik5x8C35","1","L03",2133.85464581417,0,5.74977000919963,13.1554737810488,0,4.348,2152.75988960442
"GHA","nMZQwMPqKU4","1","L05",0,0,0,0,0,4.348,0
"GHA","CTRQQXCQTVB","1","L06",-37.4885004599816,229.990800367985,110.395584176633,259.576530323976,4885.00459981601,4.348,5447.47901422462
"GHA","fyW9nSiREpA","1","L05",-79.3468261269549,41.3983440662373,0,0,0,4.348,-37.9484820607176
"GHA","KoKjL6iByr6","1","L01",57.4977000919963,0,1.14995400183993,0,0,4.348,58.6476540938362
"GHA","EmjTzkKPcK4","1","L01",-202.391904323827,0,0,1379.94480220791,0,4.348,1177.55289788408
"GHA","R24vZdb6HQ7","1","L06",-61.6375344986201,643.974241030359,31.048758049678,2266.14862645812,0,4.348,2879.53409103953
"GHA","9M4qT2DMJj","1","L04",1246.55013799448,1292.54829806808,18.3992640294388,371.499028927732,0,4.348,2928.99672901973
"GHA","U18xstU8LR7","1","L05",367.985280588776,0,0,0,0,4.348,367.985280588776
"GHA","HK4BRArXjD6","1","L02",2167.89328426863,0,4.13983440662374,176.505481447409,0,4.348,2348.53860012266
"GHA","MFMymqGXjf8","1","L02",2295.9981600736,0,0,0,0,4.348,2295.9981600736
"GHA","ev9j4bGtBTB","1","L04",270.239190432383,0,34.4986200551978,135.151538382909,0,4.348,439.88934887049
"GHA","uA6dFVY3tr2","1","L06",292.088316467341,48.2980680772769,4.59981600735971,45.4998466727998,0,4.348,390.486047224778
"GHA","NqtNJxp3qaB","1","L04",-16.5593376264949,0,0,0,0,4.348,-16.5593376264949
"GHA","yDfj9pye3S8","1","L04",280.588776448942,482.980680772769,3.44986200551978,22.8393642032097,0,4.348,789.858683430441
"GHA","wtorB9F7hm5","1","L03",1730.45078196872,0,6.89972401103956,72.3091076356946,0,4.348,1809.65961361546
"GHA","Jsv9PkxATh9","1","L06",-409.613615455382,0,36.7985280588776,-3052.42414533689,0,4.348,-3425.2392327334
"GHA","eze6AQDVxQ4","1","L04",279.438822447102,487.580496780129,0,9.13574568128386,133.394664213431,4.348,909.549729121946
"GHA","tcEkwscfpH4","1","L02",321.987120515179,0,0,45.9981600735971,0,4.348,367.985280588776
"GHA","NZwEq9cA5VB","1","L02",1860.85556577737,0,17.2493100275989,656.207835019933,0,4.348,2534.3127108249
"GHA","NZwEq9cA5VB","1","L02",1860.85556577737,0,17.2493100275989,656.207835019933,0,4.348,2534.3127108249
"GHA","LcDR4MVNrw","1","L02",656.853725850966,0,17.2493100275989,0,0,4.348,674.103035878565
"GHA","XEA6aofdZo5","1","L05",1394.89420423183,1375.34498620055,22.9990800367985,68.9972401103956,0,4.348,2862.23551057958
"GHA","QFh29fHsCvA","1","L05",4109.9356025759,7834.17663293468,34.4986200551978,208.141674333027,0,4.348,12186.7525298988
"GHA","X4aAZpreBL7","1","L04",0,0,5.74977000919963,22.9032505366452,0,4.348,28.6530205458448
"GHA","oGAiiS5KTH6","1","L03",1956.07175712971,0,3.90984360625575,9.86660533578657,0,4.348,1969.84820607176
"GHA","qie8QYVB3s6","1","L04",-39.0984360625575,0,0,13.7036185219258,0,4.348,-25.3948175406317
"GHA","h9yzMoqrEr7","1","L02",652.483900643974,0,3.44986200551978,6.88566901768374,0,4.348,662.819431667178
"GHA","YqAFB2BMNLB","1","L03",3979.07083716651,0,6.89972401103956,27.5988960441582,0,4.348,4013.56945722171
"GHA","LMzw8JsSze","1","L04",43.0082796688133,0,0,0,0,4.348,43.0082796688133
"GHA","MdadqCNEiL","1","L02",3614.30542778289,0,10.3495860165593,45.0037692936727,0,4.348,3669.65878309312
"GHA","GLaBCfmRHT9","1","L02",273.689052437902,0,0,3.44283450884187,0,4.348,277.131886946744
"GHA","rvasPDxnwj3","1","L01",332.336706531739,0,13.1094756209752,362.404809363181,0,4.348,707.850991515895
"GHA","w5r45534D96","1","L03",442.732290708372,0,11.4995400183993,39.4434222631095,0,4.348,493.67525298988
"GHA","PpJDFyaTPe6","1","L05",4027.13891444342,3921.34314627415,0,0,0,4.348,7948.48206071757
"GHA","CxMdVRz4Fo","1","L04",485.280588776449,0,0,51.55627108249,0,4.348,536.836859858939
"GHA","yyBkps8kGBB","1","L06",-3.67985280588776,0,1.26494940202392,0,0,4.348,-2.41490340386385
"GHA","wbguRJt7c17","1","L04",905.24379024839,879.02483900644,0,0,145.243023612389,4.348,1929.51165286722
"GHA","bnNcJ3bknL7","1","L01",628.794848206072,0,0,65.8348666053358,0,4.348,694.629714811408
"GHA","xJHuYg9HkC4","1","L06",763.799448022079,0,0,10.22500766636,0,4.348,774.024455688439
"GHA","sSK4YGpVFE3","1","L02",1416.28334866605,0,3.44986200551978,0,0,4.348,1419.73321067157
"GHA","kLYaJ3DYGC7","1","L03",806.807727690892,0,8.04967801287948,196.918123275069,0,4.348,1011.77552897884
"GHA","SGWDY8X7yo4","1","L05",2614.99540018399,2570.14719411224,13.7994480220791,17.2493100275989,0,4.348,5216.19135234591
"GHA","iR5ETCSgpV5","1","L06",-9.19963201471941,0,2.39190432382705,86.8981907390371,0,4.348,80.0904630481447
"GHA","tKy51hwqVM2","1","L02",752.529898804048,0,3.21987120515179,5.1642517632628,0,4.348,760.914021772462
"GHA","phfDZ3p9QE5","1","L03",1432.84268629255,0,11.4995400183993,0,0,4.348,1444.34222631095
"GHA","uF4YRcniT69","1","L05",418.583256669733,0,0,103.495860165593,0,4.348,522.079116835327
"GHA","UDYnaavH8U3","1","L01",62.557497700092,0,11.4995400183993,2.78863845446182,0,4.348,76.8456761729531
"GHA","znLkiipm6hB","1","L04",212.971481140754,151.79392824287,68.9972401103956,18.3353776960033,0,4.348,452.098027190024
"GHA","joFqVCsb215","1","L06",89.6964121435143,0,0,6.65056731064091,0,4.348,96.3469794541552
"GHA","njfYPSwX6c8","1","L01",87.3965041398344,0,9.19963201471941,0,0,4.348,96.5961361545538
"GHA","qG2u89ePnM3","1","L01",60.2575896964121,0,11.4995400183993,0,0,4.348,71.7571297148114
"GHA","mKsBRiEXdL6","1","L05",474.011039558418,545.078196872125,8.04967801287948,24.1490340386385,0,4.348,1051.28794848206
"GHA","TfTiB3qRvU2","1","L03",1336.24655013799,0,0,60.4875804967801,0,4.348,1396.73413063477
"GHA","zebc4qh1zU8","1","L04",438.764949402024,0,13.7994480220791,0,0,4.348,452.564397424103
"GHA","dWWPvz9La34","1","L03",306.347746090156,0,0,0,0,4.348,306.347746090156
"GHA","XqoC5saQNR5","1","L02",734.590616375345,0,4.59981600735971,52.8978840846366,0,4.348,792.088316467341
"GHA","WgmUQnWemm7","1","L04",1309.56761729531,1328.65685372585,13.7994480220791,179.265051620157,0,4.348,2831.2889706634
"GHA","go6Ch5Km3k7","1","L02",1557.497700092,0,5.74977000919963,28.5233312889707,0,4.348,1591.77080139017
"GHA","dQNLmp8vbx7","1","L01",160.073597056118,0,0,0,0,4.348,160.073597056118
"GHA","vqK89X1n7z7","1","L06",104.875804967801,0,0,54.0387070305553,0,4.348,158.914511998357
"GHA","zbPhVbZ2hNA","1","L04",547.263109475621,622.010119595216,3.44986200551978,64.0460492691404,0,4.348,1236.7691403455
"GHA","WX9WPcwEjJ9","1","L05",686.522539098436,1389.14443422263,11.4995400183993,31.048758049678,0,4.348,2118.21527138914
"GHA","nYHDrtr9BkA","1","L06",-89.0064397424103,0,0,45.9981600735971,0,4.348,-43.0082796688133
"GHA","WWKohq5CDc4","1","L04",133.394664213431,0,24.8390064397424,45.6787284064193,0,4.348,203.912399059593
"GHA","LFwa12jnrL2","1","L05",5050.59797608096,2525.29898804048,0,0,0,4.348,7575.89696412144
"GHA","nLAqDVxLW42","1","L03",4755.7497700092,0,0,0,0,4.348,4755.7497700092
"GHA","jCvYgt72fP4","1","L06",469.18123275069,0,12.6494940202392,53.540393629758,0,4.348,535.371120400687
"GHA","CTRQQXCQTVB","1","L06",-37.4885004599816,229.990800367985,110.395584176633,259.576530323976,4885.00459981601,4.348,5447.47901422462
"GHA","oJSmP1FYvbB","1","L02",136.614535418583,0,0,0,0,4.348,136.614535418583
"GHA","rfcJhQz5u38","1","L04",135.740570377185,0,18.3992640294388,114.516252683226,0,4.348,268.65608708985
"GHA","reM7upJxET6","1","L06",-8.27966881324747,0,9.19963201471941,99.5768855034164,0,4.348,100.496848704888
"GHA","Ny58V5eghz7","1","L02",2667.89328426863,0,45.9981600735971,2.29288050700194,0,4.348,2716.18432484923
"GHA","Jsv9PkxATh9","1","L06",-409.613615455382,0,36.7985280588776,-3052.42414533689,0,4.348,-3425.2392327334
"GHA","PXb5NT8y8n6","1","L01",435.372585096596,0,7.35970561177553,108.095676172953,0,4.348,550.827966881325
"GHA","hy4613HYBr3","1","L01",318.307267709292,0,6.89972401103956,0,0,4.348,325.206991720331
"GHA","ymaHgFS7sD7","1","L03",461.821527138914,0,11.4995400183993,0,0,4.348,473.321067157314
"GHA","SstK2kLetr6","1","L06",0,0,2.75988960441582,49.8792548298068,0,4.348,52.6391444342226
"GHA","wGsPM221dM8","1","L05",80.4967801287949,126.494940202392,11.0395584176633,0,0,4.348,218.03127874885
"GHA","jR5EnTkAqM3","1","L01",353.035878564857,0,2.20791168353266,87.4827506899724,0,4.348,442.726540938362
"GHA","ignYVcEWdh6","1","L03",1120.05519779209,0,34.4986200551978,111.752529898804,0,4.348,1266.30634774609
"GHA","GEgBv7HAf68","1","L01",1230.45078196872,0,11.0395584176633,103.955841766329,0,4.348,1345.44618215271
"GHA","SAvMdkgq8K4","1","L02",294.388224471021,0,2.13891444342226,25.3893872022897,0,4.348,321.916526116733
"GHA","qaB9PRByhQ7","1","L03",5666.97332106716,0,34.4986200551978,65.3940509046305,0,4.348,5766.86599202699
"GHA","Ta22RrxG4KB","1","L06",-6.89972401103956,0,0,0,0,4.348,-6.89972401103956
"GHA","UmXMMFYwnL4","1","L03",1444.34222631095,0,4.59981600735971,36.982520699172,0,4.348,1485.92456301748
"GHA","UNJbgF8rDE4","1","L03",569.227230910764,0,11.0395584176633,76.9089236430543,0,4.348,657.175712971481
"GHA","ZsXLTqgEPA2","1","L01",34.2686292548298,0,2.29990800367985,19.3767249310028,0,4.348,55.9452621895124
"GHA","Wth4nHzDVc8","1","L02",73.3670653173873,0,0,0,0,4.348,73.3670653173873
"GHA","U7thyS2zJj8","1","L05",104.645814167433,134.544618215271,0,149.49402023919,0,4.348,388.684452621895
"RWA","cQsxahQ8sm8","1","L07",11.9933237958989,1.90748688602766,35.7653791130186,17.8826895565093,0,838.8,67.5488793514545
"RWA","CGeuGzTDPV5","2","L06",263.710061993324,32.4272770624702,14.3061516452074,0,23.8435860753457,838.8,334.287076776347
"RWA","AvkkCXoYrg8","1","L06",101.335240820219,47.6871721506915,17.8826895565093,0,117.319808628822,838.8,284.224911156242
"RWA","R9DTr4peJNA","1","L06",194.027181688126,196.709585121602,26.8836432999523,166.90510252742,0,838.8,584.525512637101
"RWA","3hzQ4hJNWpA","1","L06",NA,0,0,0,0,838.8,NA
"RWA","cZWWUyRwuTA","2","L01",488.435860753457,238.674296614211,47.6871721506915,178.826895565093,3.57653791130186,838.8,957.200762994754
"RWA","2AzeKX3Xdj9","2","L01",116.18979494516,0,35.7653791130186,345.731998092513,7.15307582260372,838.8,504.840247973295
"RWA","am7bPMj2uA","1","L02",1000.71530758226,0,23.8435860753457,0,0,838.8,1024.55889365761
"RWA","4aupp5Gqjv6","1","L02",360.097758702909,42.9184549356223,0,0,33.9771101573677,838.8,436.993323795899
"RWA","eSXVTUZDKD3","1","L03",697.305674773486,136.504530281354,17.8826895565093,53.6480686695279,2.38435860753457,838.8,907.725321888412
"RWA","1m6QKguDbp4","1","L03",11.9217930376729,250.35765379113,28.6123032904149,143.061516452074,181.211254172628,838.8,615.16452074392
"RWA","9s7aPD8ZRh7","1","L07",442.298521697663,340.963280877444,67.9542203147353,433.953266571292,6.19933237958989,838.8,1291.36862184072
"RWA","iRtxUHTRGi2","1","L04",166.90510252742,17.1673819742489,0,0,0,838.8,184.072484501669
"RWA","DEfS8gcomk3","1","L02",82.9756795422032,2.38435860753457,11.9217930376729,14.3061516452074,7.51072961373391,838.8,119.098712446352
"RWA","5DkfDPaXxW6","2","L06",155.102527420124,26.2279446828803,59.6089651883643,22.0553171196948,36.9575584167859,838.8,299.952312827849
"RWA","fL32p1TYNb8","1","L03",143.061516452074,290.891750119218,17.8826895565093,33.381020505484,7.15307582260372,838.8,492.370052455889
"RWA","wr5wPxGTis","1","L04",313.006676204101,0,166.90510252742,0,0,838.8,479.911778731521
"RWA","aDnodjimek6","2","L01",29.6256556986171,7.15307582260372,21.4592274678112,178.826895565093,2.14592274678112,838.8,239.210777300906
"RWA","5DkfDPaXxW6","1","L06",64.7353361945637,253.934191702432,47.6871721506915,0,16.2510990837171,838.8,382.607799131404
"RWA","QLDaeeq1A6A","2","L06",240.581783500238,214.592274678112,19.31330472103,0,11.8119402454166,838.8,486.299303144797
"RWA","5FTsNB6cw66","1","L07",44.9451597520267,13.7100619933238,0,0,3.09966618979495,838.8,61.7548879351454
"RWA","7HuaMEgyTz4","1","L02",184.787792083929,0,35.7653791130186,0,0,838.8,220.553171196948
"RWA","tmtcp1ke5eB","1","L03",154.983309489747,23.8435860753457,29.8044825941822,258.702908917501,22.6514067715784,838.8,489.985693848355
"RWA","e3YsHqYkYK6","2","L06",238.316642823081,178.826895565093,42.9184549356223,0,46.3851400546679,838.8,506.447133378464
"RWA","3aT11RTk4H8","1","L07",290.891750119218,29.8044825941822,1.19217930376729,23.8435860753457,0,838.8,345.731998092513
"RWA","EJpjhf8ixG7","1","L04",51.1921793037673,16.690510252742,16.690510252742,17.8826895565093,0,838.8,102.455889365761
"RWA","CGeuGzTDPV5","1","L06",57.2246065808298,489.270386266094,57.2246065808298,268.24034334764,0,838.8,871.959942775393
"RWA","AVbrhtAbDP5","1","L04",371.900333810205,461.673819742489,35.7653791130186,262.279446828803,13.1139723414402,838.8,1144.73295183596
"RWA","NpVRwZSF9A9","1","L06",334.704339532666,162.732474964235,0,321.888412017167,46.5886442281292,838.8,865.913870742197
"RWA","JYjBoTCdte4","2","L06",77.1340009537435,220.553171196948,2.38435860753457,0,2.5035765379113,838.8,302.575107296137
"RWA","2tfKupRSSR9","1","L03",373.152122079161,1.07296137339056,47.6871721506915,0,226.514067715784,838.8,648.426323319027
"RWA","cZWWUyRwuTA","1","L01",346.447305674774,0,214.592274678112,245.588936576061,0,838.8,806.628516928946
"RWA","mhGSC5qMs53","1","L02",266.213638531235,0,0,0,23.8435860753457,838.8,290.057224606581
"RWA","kKLu4qgLM62","1","L06",35.7653791130186,43.514544587506,0,0,0,838.8,79.2799237005246
"RWA","AvkkCXoYrg8","2","L06",25.035765379113,64.3776824034335,4.1726275631855,29.8044825941822,10.6197609416494,838.8,134.010318881564
"RWA","QUACw1VqWL2","2","L01",67.8350023843586,66.1659513590844,14.3061516452074,0,8.94134477825465,838.8,157.248450166905
"RWA","to8Gc5JzaT7","1","L06",42.5608011444921,102.527420123987,143.061516452074,35.7653791130186,16.690510252742,838.8,340.605627086314
"RWA","bsDhjVrvZ8B","1","L03",211.611826418693,156.771578445398,10.7296137339056,0,0,838.8,379.113018597997
"RWA","GJymWVjaQVB","1","L04",112.780162136385,17.8826895565093,196.709585121602,320.6962327134,7.15307582260372,838.8,655.221745350501
"RWA","nny1kAHD1A6","1","L06",245.231282784931,286.123032904149,257.510729613734,703.385789222699,214.592274678112,838.8,1706.84310920362
"RWA","9upFZJLCfM2","1","L01",39.4969003338102,0,171.673819742489,238.435860753457,0,838.8,449.606580829757
"RWA","ACtMM9ksKX9","2","L06",56.3900810681927,37.4940391034812,2.38435860753457,0,23.2568615615826,838.8,119.525340340791
"RWA","e3YsHqYkYK6","1","L06",456.604673342871,357.653791130186,10.7296137339056,17.8826895565093,53.1537311043749,838.8,896.024498867847
"RWA","bdXeZG9z586","1","L04",156.19933237959,368.383404864092,247.973295183596,572.246065808298,4.53028135431569,838.8,1349.33237958989
"RWA","aDnodjimek6","1","L01",25.3338102050548,5.96089651883643,59.6089651883643,17.8826895565093,4.76871721506915,838.8,113.555078683834
"RWA","6zdLptApzZ2","1","L02",320.6962327134,35.7653791130186,35.7653791130186,35.7653791130186,0,838.8,427.992370052456
"RWA","1tDK7dEA7q4","1","L07",49.4754411063424,6.19933237958989,2.95660467334287,0,2.98044825941822,838.8,61.6118264186934
"RWA","ah2mXHfB7w4","1","L07",27.0624701955174,4.24415832141154,4.76871721506915,0,0,838.8,36.0753457319981
"RWA","Ag8CWapFXT9","1","L01",339.6518836433,9.53743443013829,16.690510252742,0,9.53505007153076,838.8,375.414878397711
"RWA","9yvw1XWDNpA","1","L07",25.8106819265618,3.93419170243205,3.57653791130186,0,0,838.8,33.3214115402957
"RWA","2AzeKX3Xdj9","1","L01",388.650453028135,53.6480686695279,243.204577968526,0,0,838.8,685.50309966619
"RWA","QLDaeeq1A6A","1","L06",215.188364329995,175.965665236052,32.1888412017167,48.2832618025751,8.34525512637101,838.8,479.97138769671
"RWA","UVBzkFMeZz9","1","L03",320.6962327134,1.6690510252742,31.5927515498331,34.5731998092513,1.6690510252742,838.8,390.200286123033
"RWA","JM2DWViH8L8","1","L04",64.5565092989986,11.444921316166,7.15307582260372,0,2.5035765379113,838.8,85.6580829756795
"RWA","8DoKMFq9rv7","2","L01",131.676204101097,85.8369098712446,23.8435860753457,9.53743443013829,2.14592274678112,838.8,253.040057224607
"RWA","5s4t5icCN2","1","L03",-30.4005722460658,0,42.9184549356223,238.435860753457,22.9494515975203,838.8,273.903195040534
"RWA","bW7iZTf8uW7","2","L01",127.5631855031,4.76871721506915,35.7653791130186,39.3419170243205,1.78826895565093,838.8,209.227467811159
"RWA","AoyYjSvsgJA","1","L02",97.1626132570339,27.4201239866476,11.9217930376729,0,2.09823557463042,838.8,138.602765855985
"RWA","CnrK9APvaT4","1","L07",21.2207916070577,1.78826895565093,2.38435860753457,0,8.94134477825465,838.8,34.3347639484979
"RWA","H4YdiXt5cz3","2","L06",145.803528850739,28.6123032904149,59.6089651883643,0,0,838.8,234.024797329518
"RWA","M8qxpz4tTs2","1","L04",218.764902241297,8.94134477825465,114.44921316166,0,0,838.8,342.155460181211
"RWA","QUACw1VqWL2","1","L01",424.177396280401,115.641392465427,57.2246065808298,180.495946590367,0,838.8,777.539341917024
"RWA","io6UuTdM1Q3","1","L04",104.077253218884,0,29.8044825941822,166.90510252742,0,838.8,300.786838340486
"RWA","Az5BDLdFCQB","1","L02",435.14544587506,0,53.6480686695279,0,0,838.8,488.793514544588
"RWA","8rMnuSjsKfA","1","L07",65.3314258464473,0,0,0,11.9217930376729,838.8,77.2532188841202
"RWA","cuVuG6WmhC5","1","L04",181.330472103004,0,1.6690510252742,54.8402479732952,9.53743443013829,838.8,247.377205531712
"RWA","e2RyT8u9Vs5","1","L01",20.2670481640439,0,143.061516452074,238.435860753457,1.78826895565093,838.8,403.552694325227
"RWA","NpBRQomLNX3","1","L06",48.2832618025751,160.944206008584,35.7653791130186,405.340963280877,0,838.8,650.333810205055
"RWA","ACtMM9ksKX9","1","L06",63.1855030996662,18.4787792083929,3.57653791130186,0,0,838.8,85.240820219361
"RWA","KeSq3y3A1h4","1","L01",83.929422985217,3.57653791130186,11.9217930376729,141.273247496423,1.90748688602766,838.8,242.608488316643
"RWA","NpBRQomLNX3","2","L06",178.94611349547,168.097281831187,46.4949928469242,184.787792083929,0,838.8,578.326180257511
"RWA","GBGa6M3rbd3","2","L01",76.6332856461612,12.5178826895565,35.7653791130186,0,8.34525512637101,838.8,133.261802575107
"RWA","jQRmJu3n453","1","L06",120.410109680496,57.2246065808298,85.8369098712446,114.44921316166,10.7296137339056,838.8,388.650453028135
"RWA","jQRmJu3n453","2","L06",407.725321888412,304.005722460658,128.755364806867,218.168812589413,152.3792452977,838.8,1211.03446704305
"RWA","kxErk1sYmQB","1","L06",223.533619456366,154.387219837864,23.8435860753457,286.123032904149,0,838.8,687.887458273724
"RWA","nMVazETomT7","1","L01",51.2637100619933,8.34525512637101,17.8826895565093,0.238435860753457,0,838.8,77.7300906056271
"RWA","BrVjLcZwqr3","1","L06",102.76585598474,76.2994754411064,42.9184549356223,0,59.6089651883643,838.8,281.592751549833
"RWA","RCuAWjMUBmA","2","L01",35.0500715307582,1.78826895565093,5.96089651883643,33.381020505484,0.894134477825465,838.8,77.0743919885551
"RWA","nUikVE2njA5","1","L04",174.177396280401,9.53743443013829,0,0,3.93419170243205,838.8,187.649022412971
"RWA","mDLfcyhvBu","2","L01",153.671912255603,42.9184549356223,35.7653791130186,17.8826895565093,0.0993482753139406,838.8,250.337784136067
"RWA","gvW2UAieds2","2","L01",50.2503576537911,0,11.9217930376729,0,2.14592274678112,838.8,64.3180734382451
"RWA","8DoKMFq9rv7","1","L01",102.706247019552,47.6871721506915,17.8826895565093,11.9217930376729,0,838.8,180.197901764425
"RWA","wPk7iGeM1n2","1","L01",164.389604196471,0,149.022412970911,0,0,838.8,313.412017167382
"RWA","JYjBoTCdte4","1","L06",87.863614687649,64.3776824034335,37.1959942775393,0,13.9765932684388,838.8,203.413884637061
"RWA","6VtbLtrb1D3","1","L04",12.3986647591798,10.7296137339056,47.6871721506915,0,0,838.8,70.8154506437768
"RWA","fiLpRcMBzoA","1","L06",27.1816881258941,35.7653791130186,11.9217930376729,0,0,838.8,74.8688602765856
"RWA","dVN9QRTY6b4","2","L06",411.301859799714,59.6089651883643,28.6123032904149,0,59.0597012270832,838.8,558.582829505576
"RWA","c2cooWnTEh2","2","L06",59.6089651883643,0,28.6123032904149,28.6123032904149,3.21888412017167,838.8,120.052455889366
"RWA","C3b2zHKsNU3","1","L07",82.9756795422032,95.3743443013829,4.76871721506915,0,0,838.8,183.118741058655
"RWA","Lka6n6s87G","1","L06",103.242727706247,0,0,0,0,838.8,103.242727706247
"RWA","xAHNqyKKrL4","1","L02",-20.2670481640439,0,0,0,5.24558893657606,838.8,-15.0214592274678
"RWA","DybB4C7m1V6","1","L03",106.103958035289,102.169766332856,4.76871721506915,33.381020505484,2.38435860753457,838.8,248.807820696233
"RWA","zxz5fHgxQr4","1","L02",660.467334287077,0,81.0681926561755,0,0,838.8,741.535526943252
"RWA","B8yvkFk2DJ5","1","L03",59.6089651883643,93.586075345732,5.36480686695279,14.3061516452074,59.6089651883643,838.8,232.474964234621
"RWA","CxdDadFVXS7","1","L01",70.3385789222699,0,19.0748688602766,56.0324272770625,5.96089651883643,838.8,151.406771578445
"RWA","MScBRdzkSi4","1","L07",18.4787792083929,17.2865999046257,1.78826895565093,0,2.98044825941822,838.8,40.5340963280877
"RWA","YVG8nKF7bC4","2","L06",292.083929422985,246.781115879828,4.76871721506915,32.1888412017167,7.15307582260372,838.8,582.975679542203
"RWA","j3meptUjcsA","1","L07",46.6738197424893,15.7367668097282,0.953743443013829,0,0,838.8,63.3643299952313
"RWA","FtidgPbhow5","1","L02",11.8025751072961,0,1.78826895565093,0,4.76871721506915,838.8,18.3595612780162
"RWA","8LgQmjxaed7","1","L07",28.6123032904149,0,35.7653791130186,0,2.98044825941822,838.8,67.3581306628517
"RWA","m6KCw7ZxQ47","2","L01",70.6604673342871,0,35.7653791130186,0,0,838.8,106.425846447306
"RWA","tU6yMt3dHA3","1","L07",217.57272293753,100.143061516452,60.4434907010014,117.836989349865,14.9022412970911,838.8,510.898505801939
"RWA","kKLu4qgLM62","2","L06",59.4301382927992,45.3028135431569,7.15307582260372,23.8435860753457,0,838.8,135.729613733906
"RWA","nMVazETomT7","2","L01",476.335240820219,53.6480686695279,5.36480686695279,0,0,838.8,535.3481163567
"RWA","PGN47oqwcT6","2","L06",327.61087267525,286.123032904149,28.6123032904149,274.201239866476,0,838.8,916.54744873629
"RWA","EhXFcHgzLr8","1","L07",88.8173581306629,33.381020505484,63.1855030996662,178.826895565093,15.4983309489747,838.8,379.709108249881
"RWA","zywmeprmCJ6","1","L07",51.2637100619933,1.6690510252742,2.98044825941822,0,3.09966618979495,838.8,59.0128755364807
"RWA","oSahYBywkW2","1","L03",39.9380066762041,17.8826895565093,16.690510252742,14.3061516452074,0,838.8,88.8173581306629
"RWA","fSLig1NkSU7","2","L01",26.5855984740105,4.1726275631855,11.9217930376729,0,0,838.8,42.6800190748689
"RWA","tzDJcn6PLMB","1","L04",49.8330948974726,5.72246065808298,29.2083929422985,20.2670481640439,4.53028135431569,838.8,109.561278016214
"RWA","GBGa6M3rbd3","1","L01",288.26895565093,35.0500715307582,71.5307582260372,59.6089651883643,0,838.8,454.45875059609
"RWA","R5nJaf2Sop9","1","L06",108.488316642823,76.2994754411064,21.4592274678112,0,0,838.8,206.247019551741
"RWA","U4AbXpgwpoA","1","L02",206.604673342871,1.19217930376729,0,0,2.62279446828803,838.8,210.419647114926
"RWA","NpVRwZSF9A9","2","L06",197.961373390558,157.844539818789,42.9184549356223,298.044825941822,70.8716414724998,838.8,767.640835559291
"RWA","kwtgXoW7Ei8","1","L03",284.930853600382,139.484978540773,29.8044825941822,23.8435860753457,7.15307582260372,838.8,485.216976633286
"RWA","pYrS9Lnoio5","1","L06",114.44921316166,28.6123032904149,71.5307582260372,0,32.9416093364591,838.8,247.533884014571
"RWA","d77n4FzyP99","1","L02",132.212684787792,0,47.6871721506915,143.061516452074,0,838.8,322.961373390558
"RWA","EXzXQD4FSm3","1","L03",89.6518836433,0,0,0,0,838.8,89.6518836433
"RWA","BrVjLcZwqr3","2","L06",455.114449213162,432.343824511206,17.5846447305675,23.8435860753457,47.0280553971541,838.8,975.914559927435
"RWA","smz4XRTY7G6","1","L01",NA,0,0,0,0,838.8,NA
"RWA","smz4XRTY7G6","2","L01",60.205054840248,21.4592274678112,95.3743443013829,0,3.57653791130186,838.8,180.615164520744
"RWA","nny1kAHD1A6","2","L06",101.931330472103,8.94134477825465,23.8435860753457,0,29.8044825941822,838.8,164.520743919886
"RWA","tdcaU4K6FA3","1","L02",463.327968526466,0,5.96089651883643,0,0,838.8,469.288865045303
"RWA","bW7iZTf8uW7","1","L01",48.8793514544588,0,23.8435860753457,32.1888412017167,10.7296137339056,838.8,115.641392465427
"RWA","yjXM15j8fo9","1","L01",46.2565569861707,2.90891750119218,46.4949928469242,0.238435860753457,1.19217930376729,838.8,97.0910824988078
"RWA","fHLhUbHi259","1","L02",72.7229375298045,0,5.96089651883643,47.6871721506915,3.57653791130186,838.8,129.947544110634
"RWA","ob6Go1epkY4","1","L07",64.8545541249404,14.3061516452074,20.7439198855508,0,3.71959942775393,838.8,103.624225083453
"RWA","fiLpRcMBzoA","2","L06",100.381497377206,8.94134477825465,0,0,1.6690510252742,838.8,110.991893180734
"RWA","rP7DxqhNrW3","1","L03",354.673342870768,54.3633762517883,3.57653791130186,35.7653791130186,23.8435860753457,838.8,472.222222222222
"RWA","x7bE3Pdy8h5","1","L03",68.6695278969957,11.9217930376729,0,0,23.8435860753457,838.8,104.434907010014
"RWA","4uYtGb6q1h5","1","L01",64.4969003338102,125.178826895565,71.5307582260372,0,0,838.8,261.206485455412
"RWA","4uYtGb6q1h5","2","L01",156.413924654268,96.5665236051502,38.1497377205532,160.944206008584,0,838.8,452.074391988555
"RWA","C56aeDFWPa7","1","L07",223.593228421555,23.8435860753457,7.15307582260372,0,15.4983309489747,838.8,270.088221268479
"RWA","29hZgxCQpf4","1","L03",121.602288984263,30.4005722460658,29.8044825941822,0,17.8826895565093,838.8,199.69003338102
"RWA","gvW2UAieds2","1","L01",132.391511683357,0,100.143061516452,214.592274678112,0,838.8,447.126847877921
"RWA","YVG8nKF7bC4","1","L06",164.938006676204,159.752026704816,13.1139723414402,13.1139723414402,9.53743443013829,838.8,360.455412494039
"RWA","J2FX8wXV8S9","1","L03",26.2279446828803,14.3061516452074,37.4344301382928,0,7.15307582260372,838.8,85.1216022889843
"RWA","xcxoHDFasQA","1","L04",82.8564616118264,0,17.8826895565093,11.9217930376729,0,838.8,112.660944206009
"RWA","KeSq3y3A1h4","2","L01",49.415832141154,5.72246065808298,35.7653791130186,0,3.57653791130186,838.8,94.4802098235575
"RWA","5AjH6QaGU24","1","L04",80.4721030042919,15.7367668097282,19.5517405817835,0,0,838.8,115.760610395804
"RWA","nkB43h7a3u6","1","L02",261.087267525036,0,103.719599427754,59.6089651883643,95.3743443013829,838.8,519.790176442537
"RWA","nkZFomM6JN2","1","L07",128.755364806867,195.517405817835,1.43061516452074,0,1.78826895565093,838.8,327.491654744874
"RWA","8QSNRiJbU45","1","L07",34.5731998092513,7.74916547448736,3.57653791130186,0,0,838.8,45.8989031950405
"RWA","V6SdSqrYbJ7","1","L03",12.5178826895565,5.96089651883643,2.38435860753457,0,1.90748688602766,838.8,22.7706247019552
"RWA","HbRbhAKMLv3","1","L06",460.181211254173,209.823557463042,29.8044825941822,0,0,838.8,699.809251311397
"RWA","fzVneyP9Mg7","1","L04",58.2975679542203,0,17.8826895565093,0,0,838.8,76.1802575107296
"RWA","XrphaE61Jh6","1","L02",36.2422508345255,11.9217930376729,71.5307582260372,0,5.12637100619933,838.8,124.821173104435
"RWA","mDLfcyhvBu","1","L01",39.9499284692418,0,257.510729613734,0,0,838.8,297.460658082976
"RWA","TYoYR9fk5v3","1","L07",359.918931807344,256.91463996185,0,32.1888412017167,13.5908440629471,838.8,662.613257033858
"RWA","mE3oDzqBqu4","1","L07",254.172627563186,138.292799237005,6.6762041010968,98.4740104911779,15.4983309489747,838.8,513.11397234144
"RWA","CxdDadFVXS7","2","L01",344.480209823557,228.898426323319,14.3061516452074,32.7849308536004,1.78826895565093,838.8,622.257987601335
"RWA","wPk7iGeM1n2","2","L01",332.73724368145,20.8631378159275,85.8369098712446,0,2.6824034334764,838.8,442.119694802098
"RWA","R5nJaf2Sop9","2","L06",234.32284215546,110.872675250358,23.8435860753457,0,101.335240820219,838.8,470.374344301383
"RWA","XZQvXo5qT34","1","L06",323.319027181688,47.6871721506915,21.4592274678112,119.217930376729,3.57653791130186,838.8,515.259895088221
"RWA","Nq4M7PWJPS","1","L01",28.9699570815451,11.9217930376729,121.125417262756,-1.43061516452074,0,838.8,160.586552217454
"RWA","yaHQ7ni6ar4","1","L06",94.4444444444444,28.6123032904149,90.1287553648069,-2.38435860753457,141.273247496423,838.8,352.074391988555
"RWA","eVbuv11Jya9","2","L01",407.486886027659,21.4592274678112,71.5307582260372,0,3.57653791130186,838.8,504.053409632809
"RWA","kxErk1sYmQB","2","L06",189.258464473057,51.2637100619933,71.5307582260372,498.330948974726,4.29184549356223,838.8,814.675727229375
"RWA","voQqwNL5SR4","1","L02",272.532188841202,203.862660944206,467.334287076776,0,39.3419170243205,838.8,983.071053886505
"RWA","YDokUMGBos2","1","L04",14.9022412970911,0,128.755364806867,453.028135431569,3.57653791130186,838.8,600.262279446829
"RWA","ydvLLQUM1wA","1","L03",43.514544587506,59.6089651883643,0,22.1149260848832,23.8435860753457,838.8,149.082021936099
"RWA","6vh1fcZWV2A","1","L04",85.0023843586075,27.4201239866476,5.96089651883643,0,4.76871721506915,838.8,123.152122079161
"RWA","YfvDPbb5H85","1","L03",134.716261325703,59.6089651883643,9.53743443013829,95.3743443013829,0,838.8,299.237005245589
"RWA","rkEPTagLmF8","1","L04",430.972818311874,225.321888412017,6.43776824034335,838.698140200286,0,838.8,1501.43061516452
"RWA","wy7axJB9t4A","2","L01",24.7973295183596,4.76871721506915,3.57653791130186,0,0.715307582260372,838.8,33.8578922269909
"RWA","yjXM15j8fo9","2","L01",106.103958035289,11.2064854554125,41.726275631855,11.9217930376729,1.78826895565093,838.8,172.74678111588
"RWA","dVN9QRTY6b4","1","L06",32.06962327134,0,0,0,0,838.8,32.06962327134
"RWA","iGeYWScB9G8","1","L02",225.560324272771,0,80.1144492131617,95.9704339532666,13.7100619933238,838.8,415.355269432523
"RWA","gtdvY5R76A5","1","L04",21.6976633285646,17.2865999046257,25.035765379113,0,0,838.8,64.0200286123033
"RWA","vvZZdLufJK3","1","L03",21.2804005722461,42.3223652837387,17.8826895565093,0,0,838.8,81.485455412494
"RWA","rQmTKtJ2h92","1","L03",95.2551263710062,47.6871721506915,8.34525512637101,0,4.53028135431569,838.8,155.817835002384
"RWA","Ag8CWapFXT9","2","L01",278.731521220792,174.058178350024,178.826895565093,0,5.36480686695279,838.8,636.981402002861
"RWA","jDuNCdZs246","1","L04",164.663805436338,0,2.5035765379113,-2.38435860753457,0,838.8,164.783023366714
"RWA","YR25C1AKLBA","1","L04",31.5927515498331,0,11.9217930376729,0,0,838.8,43.514544587506
"RWA","iV8EbG17vX2","1","L04",75.1072961373391,0,0,0,0,838.8,75.1072961373391
"RWA","to8Gc5JzaT7","2","L06",169.766332856462,119.217930376729,1.78826895565093,0,67.0600858369099,838.8,357.832618025751
"RWA","fSLig1NkSU7","1","L01",63.1258941344778,3.26657129232237,17.8826895565093,0,0,838.8,84.2751549833095
"RWA","rYhbEL7oXj9","1","L03",115.641392465427,213.400095374344,14.9022412970911,0,0,838.8,343.943729136862
"RWA","LZ29vrnear2","1","L02",1839.6518836433,0,357.653791130186,-23.8435860753457,9.53743443013829,838.8,2182.99952312828
"RWA","s754vJkGDg2","1","L03",161.301859799714,7.15307582260372,8.94134477825465,0,0,838.8,177.396280400572
"RWA","Tt5k1X1aefA","1","L03",48.0448259418216,75.584167858846,143.061516452074,14.3061516452074,36.2422508345255,838.8,317.238912732475
"RWA","yyXhtLq72C2","1","L07",246.542680019075,32.1888412017167,29.8044825941822,0,9.65665236051502,838.8,318.192656175489
"RWA","9upFZJLCfM2","2","L01",108.24988078207,0,58.893657606104,143.061516452074,0,838.8,310.205054840248
"RWA","tuxCwfbZQN9","1","L07",283.142584644731,23.8435860753457,3.57653791130186,14.3061516452074,14.9022412970911,838.8,339.771101573677
"RWA","seXpFZmj3a","1","L04",122.4368144969,33.381020505484,35.7653791130186,262.279446828803,0,838.8,453.862660944206
"RWA","WVpeXYVGNq8","1","L07",73.795898903195,132.331902718169,29.6375774916547,0,1.78826895565093,838.8,237.55364806867
"RWA","jHTSofjuPJ7","1","L04",74.5112064854554,11.9217930376729,11.9217930376729,0,4.76871721506915,838.8,103.12350977587
"RWA","xRKbT2uWYL4","1","L04",299.070100143062,5.36480686695279,166.90510252742,-47.6871721506915,23.8435860753457,838.8,447.496423462089
"RWA","TY6c2BvPeq8","1","L03",41.726275631855,1.78826895565093,54.6494992846924,119.217930376729,2.38435860753457,838.8,219.766332856462
"RWA","sohyYFGAMr9","1","L07",158.619456366238,135.312350977587,71.72150691464,200.286123032904,32.5464949928469,838.8,598.485932284216
"RWA","vdieyWj8obA","2","L06",54.2799237005246,90.8202193609919,9.53743443013829,0,13.9765932684388,838.8,168.614170760094
"RWA","XXFzjtd2A8","1","L01",53.6480686695279,0,17.8826895565093,0,2.86123032904149,838.8,74.3919885550787
"RWA","XXFzjtd2A8","2","L01",28.6123032904149,0,0,0,0,838.8,28.6123032904149
"RWA","Vh74sMy7UM8","1","L03",154.983309489747,33.381020505484,0,0,2.38435860753457,838.8,190.748688602766
"RWA","3hzQ4hJNWpA","2","L06",1192.17930376729,137.100619933238,596.089651883643,1096.8049594659,5.36480686695279,838.8,3027.53934191702
"RWA","TEgeq116YW6","2","L01",90.6056270863138,1.19217930376729,11.9217930376729,0,0.894134477825465,838.8,104.613733905579
"RWA","yCPYya5PZfA","1","L04",30.9966618979495,0,0,0,0,838.8,30.9966618979495
"RWA","RCuAWjMUBmA","1","L01",124.701955174058,76.89556509299,14.3061516452074,11.9217930376729,0,838.8,227.825464949928
"RWA","Lka6n6s87G","2","L06",100.262279446829,50.7868383404864,9.06056270863138,0,16.3328564616118,838.8,176.442536957558
"RWA","t8pSXYMtCP","1","L02",30.1621363853124,26.824034334764,0,14.3061516452074,5.0071530758226,838.8,76.2994754411064
"RWA","hXCHXcG2W46","1","L04",106.461611826419,0,37.6967095851216,286.123032904149,0,838.8,430.281354315689
"RWA","1aHi48GS6A5","1","L03",22.0553171196948,2.38435860753457,5.96089651883643,0,1.19217930376729,838.8,31.5927515498331
"RWA","DRwp2xk3gPB","1","L03",599.725798760134,17.8826895565093,16.690510252742,0,23.8435860753457,838.8,658.142584644731
"RWA","wy7axJB9t4A","1","L01",81.1874105865522,5.0071530758226,5.96089651883643,0,3.57653791130186,838.8,95.7319980925131
"RWA","Xcq8cPDrtJA","1","L04",12.2198378636147,0,29.2083929422985,0,0,838.8,41.4282308059132
"RWA","VDYfVRu3Q44","1","L02",-17.5846447305675,0,59.6089651883643,0,0,838.8,42.0243204577968
"RWA","Kg7uwpdD4P5","1","L07",72.1387696709585,94.1821649976156,2.14592274678112,2.98044825941822,14.9022412970911,838.8,186.349546971865
"RWA","TEgeq116YW6","1","L01",NA,0,0,0,0,838.8,NA
"RWA","m6KCw7ZxQ47","1","L01",101.096804959466,0,35.7653791130186,0,0,838.8,136.862184072485
"RWA","y5bMEWTbk12","1","L02",929.3037672866,2.98044825941822,38.1497377205532,0,5.24558893657606,838.8,975.679542203147
"RWA","Urb5aXE3gA2","1","L02",353.958035288507,0,21.4592274678112,0,0,838.8,375.417262756319
"RWA","PGN47oqwcT6","1","L06",53.6480686695279,73.9151168335718,7.15307582260372,27.4201239866476,7.51721017815439,838.8,169.653595490505
"RWA","TWGYiMEN9K3","1","L01",24.4396757272294,0,4.76871721506915,0,1.19217930376729,838.8,30.4005722460658
"RWA","TWGYiMEN9K3","2","L01",22.6514067715784,3.57653791130186,2.38435860753457,0,0.596089651883643,838.8,29.2083929422985
"RWA","vC1xGx4WFW","1","L07",568.192656175489,90.1287553648069,241.416309012876,0,0,838.8,899.737720553171
"RWA","VM1oxfq9wgB","1","L01",399.856938483548,35.169289461135,41.726275631855,0,4.76871721506915,838.8,481.521220791607
"RWA","e2RyT8u9Vs5","2","L01",1.90748688602766,0,41.726275631855,0,1.25178826895565,838.8,44.8855507868383
"RWA","MsBreaQuEcA","2","L01",20.0286123032904,5.96089651883643,17.8826895565093,0,1.6690510252742,838.8,45.5412494039103
"RWA","c2cooWnTEh2","1","L06",67.9542203147353,15.4983309489747,4.91177873152122,0,28.6123032904149,838.8,116.976633285646
"RWA","Nq4M7PWJPS","2","L01",245.886981402003,4.76871721506915,46.4949928469242,250.35765379113,3.57653791130186,838.8,551.084883166428
"RWA","H4YdiXt5cz3","1","L06",83.0948974725799,116.23748211731,40.6533142584645,31.1158798283262,42.9184549356223,838.8,314.020028612303
"RWA","sqHntKPZfk6","1","L02",151.824034334764,0,71.5307582260372,0,0,838.8,223.354792560801
"RWA","Wj18gYU55E5","1","L07",114.329995231283,10.1335240820219,0,0,0.596089651883643,838.8,125.059608965188
"RWA","Mq9anduKdR9","1","L02",691.463996185026,23.8435860753457,0,0,0,838.8,715.307582260372
"RWA","NqznyHy6N16","1","L07",22.412970910825,5.12637100619933,3.57653791130186,0,5.96089651883643,838.8,37.0767763471626
"RWA","pYrS9Lnoio5","2","L06",60.205054840248,24.7377205531712,23.8435860753457,119.217930376729,2.38435860753457,838.8,230.388650453028
"RWA","MsBreaQuEcA","1","L01",53.0519790176443,51.6213638531235,45.3028135431569,83.4525512637101,1.6690510252742,838.8,235.097758702909
"RWA","VM1oxfq9wgB","2","L01",251.430615164521,26.2279446828803,17.8826895565093,119.217930376729,1.78826895565093,838.8,416.54744873629
"RWA","SS7UVs5jxa4","1","L03",62.5894134477825,149.022412970911,0,0,173.962804005722,838.8,385.574630424416
"RWA","vdieyWj8obA","1","L06",63.7815927515498,75.1072961373391,21.4592274678112,0,14.086446060695,838.8,174.434562417395
"RWA","TSZ8yp6UEy4","1","L02",28.2546494992847,7.15307582260372,0,0,3.93419170243205,838.8,39.3419170243205
"RWA","eVbuv11Jya9","1","L01",53.8865045302814,59.3705293276109,42.9184549356223,247.377205531712,2.38435860753457,838.8,405.937052932761
"RWA","HbRbhAKMLv3","2","L06",119.217930376729,16.690510252742,35.7653791130186,0,34.5731998092513,838.8,206.247019551741
"RWA","XZQvXo5qT34","2","L06",90.1883643299952,116.23748211731,42.9184549356223,0,21.4592274678112,838.8,270.803528850739
"RWA","z7c7QHaTTe7","1","L02",234.68049594659,0,166.90510252742,0,0,838.8,401.585598474011
"RWA","MxhdeDaZTa9","1","L02",604.315689079638,0,91.7978063900811,20.2670481640439,26.2279446828803,838.8,742.608488316643
"RWA","jT3NCQFGuW8","1","L04",107.653791130186,5.0071530758226,89.4134477825465,28.6123032904149,0,838.8,230.68669527897
"RWA","WuExMq5R6A9","1","L02",49.8330948974726,0,81.0681926561755,0,0,838.8,130.901287553648
"TZA","65WUiskq7g6","1","L20",1724.06082289803,0,320.661896243292,594.07459465599,0,2236,2638.79731379731
"TZA","2tw7sF6jPB4","1","L11",218.24686940966,40.2504472271914,0,0,0,2236,258.497316636852
"TZA","2GJh9RvP6U3","1","L10",144.901610017889,4.47227191413238,3.48837209302326,0,0,2236,152.862254025045
"TZA","51brKTHzvAB","1","L11",89.4454382826476,0,20.1252236135957,8.88065422949144,0,2236,118.451316125735
"TZA","EnufChhcvN6","1","L20",1283.98926654741,0,13.4168157423971,33.5130524084012,0,2236,1330.9191346982
"TZA","m2R4hghXWD6","1","L19",89.4454382826476,98.3899821109123,0,0,0,2236,187.83542039356
"TZA","VhjsvzpdVX8","1","L18",53.6672629695885,0,10.7334525939177,78.4138342277877,0,2236,142.814549791294
"TZA","x3YWH9QUug","1","L03",139.53488372093,4.02504472271914,107.334525939177,6.23633472470682,0,2236,257.130789107533
"TZA","8pbKc5jDHS6","1","L22",125.67084078712,0,20.1252236135957,11.4739166617521,0,2236,157.269981062468
"TZA","G8pqkT9RvZB","1","L20",622.540250447227,0,156.529516994633,863.360498244219,0,2236,1642.43026568608
"TZA","84Tt3igkks","1","L22",120.751341681574,0,2.68336314847943,0,0,2236,123.434704830054
"TZA","jiVQaMk2ZR","1","L19",1164.57960644007,308.586762075134,0,0,0,2236,1473.16636851521
"TZA","An4VyekaKi6","1","L22",176.02862254025,0,8.58676207513417,6.44629669674392,0,2236,191.061681312129
"TZA","2JxppdNdy1B","1","L11",89.8926654740608,0,4.02504472271914,8.88065422949144,0,2236,102.798364426271
"TZA","JbsDyyJEsp2","1","L20",364.937388193202,0,503.130590339893,650.537500828199,0,2236,1518.60547936129
"TZA","teFJypg3MU7","1","L19",111.806797853309,0,0,15.1725965679454,0,2236,126.979394421255
"TZA","Gc14tmsJ7A3","1","L10",45.169946332737,0,3.35420393559928,34.6068660022148,0,2236,83.1310162705512
"TZA","wtdrsEsEBX2","1","L20",1686.04651162791,0,104.203935599284,1792.85158209577,0,2236,3583.10202932296
"TZA","kDWcVHqaaf2","1","L19",2517.88908765653,0,5.36672629695885,235.78811369509,0,2236,2759.04392764858
"TZA","5oGmpb8QJLA","1","L22",1129.24865831843,35.778175313059,26.8336314847943,60.2380624741984,0,2236,1252.09852759048
"TZA","dyd2EZBuR66","1","L18",204.38282647585,0,0,61.2204333134566,0,2236,265.603259789306
"TZA","KqZvf5fBTQ7","1","L10",82.737030411449,4.47227191413238,0,17.3034330011074,0,2236,104.512735326689
"TZA","bbQXrXaEo96","1","L10",46.95885509839,0,3.5778175313059,8.35888917284266,0,2236,58.8955618025385
"TZA","i6gRP4KTv4B","1","L11",20.1252236135957,0,0,0,0,2236,20.1252236135957
"TZA","fss8vTYFEz2","1","L22",183.363148479428,0,16.1001788908766,156.889919859508,0,2236,356.353247229812
"TZA","Vuke4bM37hA","1","L20",2893.55992844365,1216.45796064401,1.34168157423971,29.5053998542371,0,2236,4140.86497051613
"TZA","mWbvKsGPM14","1","L10",123.881932021467,22.3613595706619,13.4168157423971,65.6518868728171,0,2236,225.311994207343
"TZA","Qrakmh9TAb7","1","L20",1372.98747763864,0,228.085867620751,12.0577419996025,0,2236,1613.13108725899
"TZA","gULVGjZq1b6","1","L10",281.75313059034,4.47227191413238,0,25.076667518528,0,2236,311.302070023
"TZA","VxhDa2qgmM7","1","L20",1319.32021466905,0,0,0,0,2236,1319.32021466905
"TZA","KYf3aU1imH5","1","L03",87.432915921288,0,67.0840787119857,374.776386404293,0,2236,529.293381037567
"TZA","6NYkNXf4fW6","1","L18",899.66457960644,8.94454382826476,6.70840787119857,10.0377658517193,0,2236,925.355297157623
"TZA","A4HX8ZvF3a8","1","L22",67.0840787119857,0,0,0,0,2236,67.0840787119857
"TZA","9921bP6EeY4","1","L18",152.057245080501,29.5169946332737,19.3202146690519,7.55317034386802,0,2236,208.447624726694
"TZA","xcn3a9uEQZB","1","L11",72.6744186046512,67.0840787119857,0,80.4050600562229,0,2236,220.16355737286
"TZA","QnVf7PaErv","1","L19",93.91771019678,89.4454382826476,0,7.5862982839727,0,2236,190.9494467634
"TZA","ckvwCyqWX59","1","L11",61.9409660107335,69.3202146690519,6.70840787119857,0,0,2236,137.969588550984
"TZA","mUFTDYR9Aj","1","L19",178.890876565295,307.692307692308,214.669051878354,11.3794474259591,0,2236,712.631683561916
"TZA","GZButysJgS4","1","L18",425.760286225403,0,0,0,0,2236,425.760286225403
"TZA","e7KZhetzbx","1","L03",107.334525939177,0,0,12.0751341681574,0,2236,119.409660107335
"TZA","ZC9BxGQiLT8","1","L11",115.384615384615,31.3059033989267,20.1252236135957,37.7587528750319,0,2236,204.57449527217
"TZA","kjuUHkF5wTB","1","L03",31.3059033989267,0,0,0,0,2236,31.3059033989267
"TZA","HWkzcSXQNG2","1","L18",-8.05008944543828,0,21.4669051878354,335.420393559928,0,2236,348.837209302326
"TZA","X9YiaEDanB7","1","L22",79.6064400715563,0,4.47227191413238,8.60543749631406,0,2236,92.6841494820028
"TZA","KyapRja3Pi6","1","L03",69.3202146690519,0,6.70840787119857,9.83899821109123,0,2236,85.8676207513417
"TZA","piP7A67YkU7","1","L11",353.309481216458,0,0,22.3613595706619,0,2236,375.67084078712
"TZA","PZ5Q2bVsEX8","1","L10",143.112701252236,0,4.96422182468694,42.2097282562399,0,2236,190.286651333163
"TZA","3bdaYKw2CU5","1","L11",1156.52951699463,0,13.4168157423971,62.2923588039867,0,2236,1232.23869154102
"TZA","5R7zjWiS4o","1","L03",254.025044722719,0,49.1949910554562,75.9043927648579,0,2236,379.124428543033
"TZA","ciQdXdUfHV6","1","L20",19.0071556350626,0,0,0,0,2236,19.0071556350626
"TZA","w7mhEiauzv4","1","L22",71.9141323792487,0,4.02504472271914,19.3388900902318,0,2236,95.2780671921996
"TZA","5xjULrvkzz3","1","L18",-202.146690518784,0,0,0,0,2236,-202.146690518784
"TZA","MG8Mg2FAfw4","1","L22",318.872987477639,0,6.70840787119857,34.4217499852562,0,2236,360.003145334093
"TZA","gpPmZSQZXY5","1","L19",161.001788908766,105.098389982111,22.0035778175313,0,0,2236,288.103756708408
"TZA","HPHgA99tPJA","1","L20",1762.07513416816,0,756.708407871199,333.813688464851,0,2236,2852.59723050421
"TZA","yzbJgVuQFv2","1","L19",156.529516994633,41.1449016100179,0,0,0,2236,197.674418604651
"TZA","9WWgnSHHAA6","1","L03",69.3202146690519,8.94454382826476,28.6225402504472,8.01282051282051,0,2236,114.900119260584
"TZA","gUGmee9jeJA","1","L11",179.338103756708,0,5.36672629695885,26.7377970866343,0,2236,211.442627140302
"TZA","hwqvpwm7Wz7","1","L03",523.255813953488,0,40.2504472271914,66.1150864639237,0,2236,629.621347644603
"TZA","onwJq3WmHg2","1","L18",161.001788908766,0,0,0,0,2236,161.001788908766
"TZA","fMF9APviXm9","1","L11",957.960644007156,22.3703041144902,5.6350626118068,13.3209813442372,0,2236,999.28699207769
"TZA","RTnL3zMj6T","1","L22",357.78175313059,25.9391771019678,10.2862254025045,45.8956666470083,0,2236,439.902822282071
"TZA","9ES5SSTauT6","1","L10",32.6475849731664,11.1806797853309,0,25.076667518528,0,2236,68.9049322770253
"TZA","SqBCN18ii19","1","L11",38.2379248658318,44.7227191413238,16.1001788908766,53.2839253769486,0,2236,152.344748274981
"TZA","6vK31iR7nAA","1","L22",214.669051878354,0,0,0,0,2236,214.669051878354
"TZA","Qapm2uWHFt5","1","L22",187.83542039356,84.9731663685152,26.8336314847943,45.6482992261168,0,2236,345.290517472986
"TZA","pAiSMicbJb9","1","L20",1337.20930232558,0,1189.62432915921,58.9876101504008,0,2236,2585.8212416352
"TZA","JADsmRVzNUA","1","L11",73.7924865831843,0,21.4669051878354,58.043700485561,0,2236,153.303092256581
"TZA","sAJq9uruKa3","1","L19",268.336314847943,411.449016100179,107.334525939177,115.359769429537,0,2236,902.479626316836
"TZA","N1YUZvnVaG5","1","L10",262.075134168157,0,0,0,0,2236,262.075134168157
"TZA","2zFRVcySNg6","1","L18",162.388193202147,0,0,120.055654939376,0,2236,282.443848141523
"TZA","utcTs5LcPQ7","1","L03",622.540250447227,0,213.059033989267,6.23633472470682,0,2236,841.835619161201
"TZA","EhEwHyqcgE7","1","L20",366.726296958855,0,0,0,0,2236,366.726296958855
"TZA","tWqyJcJmuN5","1","L18",89.4454382826476,22.3613595706619,64.4007155635063,17.1934009143311,0,2236,193.400914331147
"TZA","ZAXs3MY83J","1","L10",45.169946332737,0,37.567084078712,16.7177783456853,0,2236,99.4548087571343
"TZA","LwsCZHjGPqA","1","L10",169.94633273703,0,370.304114490161,20.8972229321067,0,2236,561.147670159298
"TZA","KeAxwek3yC4","1","L19",313.059033989267,0,0,0,0,2236,313.059033989267
"TZA","aNYTfhJUuk9","1","L19",1988.37209302326,0,2.14669051878354,3.79314914198635,0,2236,1994.31193268403
"TZA","uz81YWocVs7","1","L20",1147.13774597496,0,20.1252236135957,23.691446365865,0,2236,1190.95441595442
"TZA","PrddN7Eh7v3","1","L20",50.3130590339893,0,16.7710196779964,22.3613595706619,0,2236,89.4454382826476
"TZA","ERzfUDJvVr5","1","L11",190.295169946333,0,6.70840787119857,62.4840276003067,0,2236,259.487605417838
"TZA","Rmvq4s33Ev8","1","L10",156.529516994633,0,6.70840787119857,503.902589658404,0,2236,667.140514524236
"TZA","sApJeip8V38","1","L18",325.581395348837,22.3613595706619,26.8336314847943,8.24885708606639,0,2236,383.02524349036
"TZA","Br9y98ZGdk8","1","L10",129.695885509839,0,32.2003577817531,21.930104778942,0,2236,183.826348070534
"TZA","Nt5ok1nPNM7","1","L03",288.103756708408,1.34168157423971,21.4669051878354,6.23633472470682,0,2236,317.14867819519
"TZA","T5DZd2AUTX7","1","L22",344.364937388193,0,3.13059033989267,21.1277988558847,0,2236,368.623326583971
"TZA","MLdLHWK2Qr","1","L03",29.9642218246869,4.11449016100179,0,0,0,2236,34.0787119856887
"TZA","dFX9VzkXhCA","1","L03",104.651162790698,0,0,0,0,2236,104.651162790698
"TZA","B7g3YrTCTUB","1","L19",67.0840787119857,40.2504472271914,0,0,0,2236,107.334525939177
"TZA","Xwug52WXRu6","1","L11",9.391771019678,0,2.01252236135957,14.7265525172502,0,2236,26.1308458982878
"TZA","kRcrpHwnrk4","1","L10",23.2558139534884,1.34168157423971,4.47227191413238,6.70840787119857,0,2236,35.778175313059
"TZA","BcLx8GwEyf5","1","L19",239.713774597496,89.4454382826476,0,63.4068773603657,0,2236,392.566090240509
"TZA","dtBzhqj3kQA","1","L10",67.9785330948122,0,2.68336314847943,17.3034330011074,0,2236,87.965329244399
"TZA","ZSL3mumZ4X8","1","L18",1044.72271914132,169.94633273703,59.9284436493739,186.195587358378,0,2236,1460.79308288611
"TZA","2tg6ar7zuS5","1","L22",241.502683363148,0,12.0751341681574,14.3423958271901,0,2236,267.920213358496
"TZA","oDSCEcXBzq3","1","L18",NA,0,4.02504472271914,3.77658517193401,0,2236,NA
"TZA","7GEs4txMBL9","1","L18",47.6296958855098,13.4168157423971,1.34168157423971,0,0,2236,62.3881932021467
"TZA","mzUJUxpe7c4","1","L22",221.377459749553,0,0,0,0,2236,221.377459749553
"TZA","aFuKnt435e8","1","L19",1225.40250447227,223.613595706619,0,120.585701981051,0,2236,1569.60180215994
"TZA","7NvFkzHDPpA","1","L10",78.2647584973166,8.94454382826476,2.68336314847943,22.0845046426442,0,2236,111.977170116705
"TZA","GV2SBh2drm7","1","L19",706.171735241503,0,24.1502683363148,34.8174650500232,0,2236,765.139468627841
"TZA","N5cedWi9F35","1","L03",361.359570661896,0,450.805008944544,3301.65563506261,0,2236,4113.82021466905
"TZA","Zzj5HfKc4d3","1","L22",40.2504472271914,44.7227191413238,0,0,0,2236,84.9731663685152
"TZA","4LtjetWmyU6","1","L19",22.3613595706619,0,7.15563506261181,49.5925263367124,0,2236,79.1095209699861
"TZA","1AHvfwxYcT6","1","L20",982.11091234347,0,14.5348837209302,61.9874634409518,0,2236,1058.63325950535
"TZA","nEEs7UdXKf6","1","L11",111.359570661896,0,14.3112701252236,61.5256836187069,0,2236,187.196524405827
"TZA","XDQ9iJinQy9","1","L19",-6.70840787119857,27.6386404293381,0,15.636387729411,0,2236,36.5666202875505
"TZA","PuLRmEWBe78","1","L20",2309.48121645796,0,0,0,0,2236,2309.48121645796
"TZA","fUSEvjoZCe","1","L19",178.890876565295,11.1806797853309,2.8175313059034,19.8767640628106,0,2236,212.76585171934
"TZA","pcKda2i8vd5","1","L19",467.352415026834,0,4.47227191413238,18.5350824885709,0,2236,490.359769429537
"TZA","fxSB64jdaSA","1","L22",60.4651162790698,0,6.70840787119857,19.5240061071904,0,2236,86.6975302574587
"TZA","8RDtceCXmi7","1","L03",368.962432915921,8.94454382826476,53.6672629695885,51.3907523355198,0,2236,482.964992049294
"TZA","McAcYh2ZV69","1","L03",258.050089445438,0,0,6.23633472470682,0,2236,264.286424170145
"TZA","NNkYVQpfzGB","1","L03",31.08228980322,24.5974955277281,42.4865831842576,121.642690320016,0,2236,219.809058835222
"TZA","NnrfSQy1dmA","1","L19",20.1252236135957,29.0697674418605,0,0,0,2236,49.1949910554562
"TZA","hfEUg9n1AW4","1","L03",355.545617173524,0,13.4168157423971,55.3319419598489,0,2236,424.29437487577
"TZA","j18hwWBcwh5","1","L03",21.4669051878354,8.94454382826476,0,9.35450208706023,0,2236,39.7659511031604
"TZA","QokjJw6sDKB","1","L20",538.908765652952,0,2.68336314847943,24.5801033591731,0,2236,566.172232160604
"TZA","Mf1iaj3mXF6","1","L19",422.182468694097,458.407871198569,0,0,0,2236,880.590339892665
"TZA","sqDAomp7sVA","1","L11",287.119856887299,0,0,0,0,2236,287.119856887299
"TZA","i2ZRSY65p48","1","L22",405.187835420394,0,6.70840787119857,65.0494407202815,0,2236,476.945684011874
"TZA","qBummgzDBd8","1","L10",39.5796064400716,0,0,0,0,2236,39.5796064400716
"TZA","41YTq8opiW8","1","L03",535.778175313059,0,8.05008944543828,21.8768634466309,0,2236,565.705128205128
"TZA","BP6YrbuDcL","1","L22",774.597495527728,17.8890876565295,28.175313059034,51.6326249778844,0,2236,872.294521221176
"TZA","MmsqX496Yo9","1","L18",560.375670840787,6.26118067978533,7.15563506261181,7.55317034386802,0,2236,581.345656927052
"TZA","uDCakBEm7VB","1","L20",3354.20393559928,0,977.191413237925,1080.13506734437,0,2236,5411.53041618158
"TZA","9uri5wypzL4","1","L22",355.098389982111,0,6.70840787119857,31.5532708198182,0,2236,393.360068673128
"TZA","WvS53Ci87D3","1","L11",65.742397137746,0,0,0,0,2236,65.742397137746
"TZA","Q6XjbVrPyy9","1","L22",536.672629695885,0,13.4168157423971,56.629119240926,0,2236,606.718564679209
"TZA","HGnHsWKAkp3","1","L18",-6.70840787119857,0,134.168157423971,711.091234347048,0,2236,838.550983899821
"TZA","ZbDwCBkG2A5","1","L20",328.71198568873,0,757.602862254025,0,0,2236,1086.31484794276
"TZA","UGrmX3B1xb7","1","L11",112.030411449016,0,40.2504472271914,120.687452082801,0,2236,272.968310759008
"TZA","yhsx6xFzAD","1","L18",268.336314847943,0,0,0,0,2236,268.336314847943
"TZA","qP3BigSRj28","1","L10",21.9141323792487,0,5.36672629695885,57.2610529005878,0,2236,84.5419115767953
"TZA","CnNmmWuhuE4","1","L11",100.178890876565,0,4.02504472271914,4.44032711474572,0,2236,108.64426271403
"TZA","BXfxdbawNd8","1","L11",93.91771019678,0,0,0,0,2236,93.91771019678
"TZA","73M3dsnzvJ7","1","L22",508.050089445438,0,0,16.2082997503391,0,2236,524.258389195777
"TZA","1U2KYPp4RE4","1","L18",NA,0,16.1001788908766,40.2504472271914,0,2236,NA
"TZA","RnWd36XhwD2","1","L11",112.701252236136,35.778175313059,4.02504472271914,-304.242269358548,0,2236,-151.737797086634
"TZA","LmNxHx7ukq2","1","L10",64.4007155635063,0,14.3112701252236,0,0,2236,78.7119856887299
"TZA","iRjEJTUQTW4","1","L20",650.715563506261,0,0,21.9141323792487,0,2236,672.62969588551
"TZA","onVKoJG2AfA","1","L03",121.645796064401,0,28.175313059034,110.862651560326,0,2236,260.683760683761
"TZA","XaYWTVN67N4","1","L03",481.663685152057,134.168157423971,84.0787119856887,212.392541244285,0,2236,912.303095806003
"TZA","ZRuCufE5rt9","1","L10",85.8676207513417,22.3613595706619,5.36672629695885,0,0,2236,113.595706618962
"TZA","8bfdq81qVM8","1","L11",178.443649373882,0,6.70840787119857,89.2537694863276,0,2236,274.405826731408
"TZA","tQBVYhTSUx5","1","L20",800.983899821109,0,25.7602862254025,132.3734512688,0,2236,959.117637315312
"TZA","TzXCuVJ5tP5","1","L20",1073.34525939177,0,684.257602862254,729.657078494288,0,2236,2487.25994074831
"TZA","ZBSFxdohGu7","1","L19",737.924865831843,13.4168157423971,0,0,0,2236,751.34168157424
"TZA","v2cqtKhhmEB","1","L18",176.654740608229,0,0,0,0,2236,176.654740608229
"TZA","vvfZmP19Kx","1","L18",-16.6815742397138,0,0,0,0,2236,-16.6815742397138
"TZA","WEJAJe36mh4","1","L22",147.584973166369,0,0,0,0,2236,147.584973166369
"TZA","ayZb55CgmK4","1","L18",NA,0,966.010733452594,320.612204333135,0,2236,NA
"TZA","JdnGCqPhcWB","1","L03",414.132379248658,8.94454382826476,3.5778175313059,15.590836811767,0,2236,442.245577419996
"TZA","eBi2TWWBfPA","1","L11",93.91771019678,4.47227191413238,8.94454382826476,4.44032711474572,0,2236,111.774853053923
"TZA","SGWnjCX1hJ3","1","L10",166.144901610018,0,10.2862254025045,56.398543317148,0,2236,232.82967032967
"TZA","WjvUqZyb157","1","L22",216.457960644007,0,51.8783542039356,95.7688703663659,0,2236,364.105185214309
"TZA","g2ZqebmF5z8","1","L10",169.722719141324,0,0,0,0,2236,169.722719141324
"TZA","mdqRMX9AQF6","1","L20",156.529516994633,0,0,0,0,2236,156.529516994633
"TZA","PnQa2dKYkK6","1","L19",NA,0,0,0,0,2236,NA
"TZA","yE1Xsrhzmk8","1","L20",923.524150268336,0,211.449016100179,74.6811435764924,0,2236,1209.65430994501
"TZA","wXNS3oTZiX8","1","L10",65.9660107334526,0,3.35420393559928,12.538333759264,0,2236,81.8585484283159
"TZA","VTttxxMVpA7","1","L11",21.4669051878354,0,0,0,0,2236,21.4669051878354
"TZA","j5dyUZUjo25","1","L10",79.830053667263,10.7334525939177,2.68336314847943,22.3613595706619,0,2236,115.608228980322
"TZA","6auvr3dPvX4","1","L19",161.001788908766,43.8282647584973,2.14669051878354,25.6907175511827,0,2236,232.667461737229
"TZA","JsmhauRP8E9","1","L18",187.83542039356,6.70840787119857,20.1252236135957,18.88292585967,0,2236,233.551977738024
"TZA","ZeurtKQcW93","1","L20",827.37030411449,0,0,0,0,2236,827.37030411449
"TZA","yPna76R7KH6","1","L10",693.202146690519,0,134.168157423971,29.8257943606781,0,2236,857.196098475168
"TZA","UDim1j4z9K9","1","L18",390.429338103757,0,7.15563506261181,0,0,2236,397.584973166369
"TZA","MqCGGaKzuz2","1","L19",509.838998211091,71.5563506261181,5.36672629695885,15.1725965679454,0,2236,601.934671702114
"TZA","ZaEAz3d3Dr6","1","L03",154.74060822898,0,8.94454382826476,24.5353806400318,0,2236,188.220532697277
"TZA","AcecNqxEnz4","1","L18",NA,0,8.94454382826476,23.1564301331743,0,2236,NA
"TZA","Goj6tydZtp2","1","L03",1019.23076923077,0,40.2504472271914,9.35450208706023,0,2236,1068.83571854502
"TZA","W5cRAyZKiP3","1","L19",572.450805008945,0,0,0,0,2236,572.450805008945
"TZA","nZ3uwA7syq7","1","L10",76.0286225402505,22.3613595706619,6.70840787119857,20.8972229321067,0,2236,125.995612914218
"TZA","ywS4MJJe4cB","1","L11",185.599284436494,89.4454382826476,8.94454382826476,120.368004088934,0,2236,404.35727063634
"TZA","TbNKmfWhji9","1","L18",237.030411449016,0,0,8.24885708606639,0,2236,245.279268535082
"TZA","4NfJeixyr6A","1","L22",89.4454382826476,0,0,0,0,2236,89.4454382826476
"TZA","mZbBzdZE8P5","1","L20",1609.57066189624,0,645.796064400716,15.1941297290134,0,2236,2270.56085602597
"TZA","rai72yodTZ7","1","L03",23.2558139534884,0,0,0,0,2236,23.2558139534884
"TZA","KkYJfxvuWf6","1","L03",50.9838998211091,0,13.4168157423971,225.663387000596,0,2236,290.064102564103
"TZA","qKTwmCQoWz5","1","L22",0,0,8.05008944543828,119.981390106614,0,2236,128.031479552052
"TZA","QVFH5ibEfX","1","L20",929.785330948122,0,0,12.9637911614656,0,2236,942.749122109587
"TZA","VpdWTmuL8k8","1","L10",28.175313059034,0,0,0,0,2236,28.175313059034
"TZA","vCAfAwy9KTA","1","L03",74.2397137745975,0,13.4168157423971,29.8896839594514,0,2236,117.546213476446
"TZA","p5n6hjGyeL","1","L10",201.252236135957,0,11.0912343470483,53.3904080415708,0,2236,265.733878524576
"TZA","ZAZu9eYNzaA","1","L03",177.996422182469,0,55.9033989266547,187.83542039356,0,2236,421.735241502683
"TZA","ziHZfbph8gA","1","L19",384.615384615385,0,8.94454382826476,18.9657457099318,0,2236,412.525674153581
"TZA","4FP6ukTTsQ8","1","L19",295.169946332737,0,0,7.5862982839727,0,2236,302.75624461671
"TZA","SUdaBvN6yMB","1","L10",313.059033989267,0,10.7334525939177,200.373754152824,0,2236,524.166240736008
"TZA","zRYovaahru9","1","L20",4507.15563506261,0,232.558139534884,10524.2626667045,0,2236,15263.976441302
"TZA","KWsyirYykp","1","L18",89.8926654740608,0,0,0,0,2236,89.8926654740608
"TZA","yLS96zjnvX6","1","L03",331.395348837209,25.0447227191413,8.05008944543828,573.252087060226,0,2236,937.742248062015
"TZA","17tw28pAwD3","1","L11",493.291592128801,0,10.7334525939177,22.2016355737286,0,2236,526.226680296448
"TZA","QuoaS1YaSX9","1","L11",175.313059033989,111.806797853309,6.70840787119857,241.374904165602,0,2236,535.203168924099
"TZA","RbeUER44T9B","1","L20",1777.72808586762,0,161.896243291592,192.859627452651,0,2236,2132.48395661186
"TZA","yku5wXeXnu9","1","L22",0,0,0,37.9684418145957,0,2236,37.9684418145957
"TZA","a77UhCZgDh2","1","L19",3374.32915921288,40.2504472271914,6.26118067978533,94.3152454780362,0,2236,3515.15603259789
"TZA","kqzsJGqsJH5","1","L11",532.200357781753,40.2504472271914,26.8336314847943,268.016866854076,0,2236,867.301303347815
"TZA","RfzDYcp8cy2","1","L22",336.538461538462,0,26.8336314847943,162.852949078352,0,2236,526.225042101607
"TZA","fKYGZhSCHi5","1","L18",440.518783542039,0,26.8336314847943,25.4422580003975,0,2236,492.794673027231
"TZA","ktUuHHCU1Q5","1","L11",139.311270125224,0,241.502683363148,348.837209302326,0,2236,729.651162790698
"TZA","pxqThuNPrG","1","L20",2722.71914132379,0,53.6672629695885,152.594509280556,0,2236,2928.98091357394
"TZA","6gioKTgu1a9","1","L10",216.90518783542,0,0,0,0,2236,216.90518783542
"TZA","nD93MDvRgs2","1","L22",40.5187835420394,0,0,5.73695833087604,0,2236,46.2557418729154
"TZA","xkrLWnDGpw7","1","L18",21.4669051878354,0,0,0,0,2236,21.4669051878354
"TZA","zddQBRJke87","1","L19",644.007155635063,178.890876565295,0,21.0031140263698,0,2236,843.901146226728
"TZA","BVUEfqZQ6KA","1","L22",276.833631484794,0,26.8336314847943,57.3695833087604,0,2236,361.036846278349
"TZA","udWPUwFP172","1","L18",263.86404293381,0,21.4669051878354,14.7088054064798,0,2236,300.039753528126
"TZA","6s9v6agXWi3","1","L18",660.107334525939,0,4.695885509839,3.77658517193401,0,2236,668.579805207712
"TZA","znifEwvA5C4","1","L03",151.162790697674,15.6529516994633,0,6.23633472470682,0,2236,173.052077121845
"UGA","K28KewnXpk2","1","L03",131.877607788595,277.8859527121,36.5229485396384,0,0,3595,446.286509040334
"UGA","5a2WfRTPWS2","1","L06",219.193324061196,304.867872044506,1.9471488178025,0,4.06119610570236,3595,530.069541029207
"UGA","QP58gEJbLF8","1","L07",42.8372739916551,27.8164116828929,2.78164116828929,86.7872044506259,1.66898470097357,3595,161.891515994437
"UGA","EQUQxBxxA28","1","L01",96.2447844228095,44.5062586926286,4.45062586926286,15.1798132326644,0,3595,160.381482217365
"UGA","DUyLNfXcu24","1","L01",92.7955493741307,97.913769123783,4.45062586926286,0,0,3595,195.159944367177
"UGA","1YCu7s1wQ37","1","L02",85.1182197496523,107.78859527121,5.56328233657858,0,0,3595,198.470097357441
"UGA","GPDYh6MvUT3","1","L04",83.7273991655076,0.834492350486787,0.834492350486787,22.2531293463143,0,3595,107.649513212796
"UGA","D3dra7efrt6","1","L01",159.666203059805,15.57719054242,3.33796940194715,8.22571031194119,0,3595,186.807073316114
"UGA","4mjZfGs3Aw","1","L03",168.84561891516,141.863699582754,0,0,1.69680111265647,3595,312.40611961057
"UGA","1DKzT4xkSq9","1","L03",38.1084840055633,201.947148817803,0,0,0,3595,240.055632823366
"UGA","fvoTDbKYuW5","1","L03",50.0695410292072,168.84561891516,0.250347705146036,4.17246175243394,0,3595,223.337969401947
"UGA","9D4NrgAzDH4","1","L07",173.018080667594,216.968011126565,1.9471488178025,144.547652162395,0,3595,536.480892774356
"UGA","akR9WC1ESX","1","L04",346.954102920723,0,58.4144645340751,0,0.389429763560501,3595,405.757997218359
"UGA","CR6uc2DJjF2","1","L01",339.221140472879,122.392211404729,3.33796940194715,28.7303794953308,2.78164116828929,3595,496.463341943175
"UGA","FnGwGBNbLj6","1","L06",885.952712100139,418.358831710709,33.3796940194715,804.909081543296,3.33796940194715,3595,2145.93828877556
"UGA","Te4C6DJXQq6","1","L01",176.912378303199,0,317.830319888734,46.6421617325651,0,3595,541.384859924498
"UGA","bUbW5XZNtd3","1","L02",17.2461752433936,63.9777468706537,2.78164116828929,0,0,3595,84.0055632823366
"UGA","4YxLyEvHcr2","1","L01",191.655076495132,54.2420027816412,7.78859527121001,0,0,3595,253.685674547983
"UGA","9iKLxLjVu77","1","L04",154.492350486787,0,11.1265646731572,0,0,3595,165.618915159944
"UGA","h2NJwtqVTd2","1","L06",327.677329624478,281.502086230876,36.4394993045897,53.3766033070623,0,3595,698.995518467007
"UGA","nG6geyTvwq7","1","L03",28.9290681502086,184.979137691238,2.22531293463143,12.5173852573018,0,3595,228.65090403338
"UGA","v29v4CgCb9A","1","L04",590.264255910987,11.1265646731572,0,0,0,3595,601.390820584145
"UGA","4MTsyUHiaX4","1","L04",69.874826147427,2.78164116828929,0,0,0,3595,72.6564673157163
"UGA","h5hVCQ5GHc2","1","L03",139.082058414465,255.7719054242,334.909596662031,50.0695410292072,0,3595,779.833101529903
"UGA","8r9jJ38EDF2","1","L01",51.8776077885953,34.2141863699583,0,0,0,3595,86.0917941585535
"UGA","k8Wj9vHnf53","1","L07",98.191933240612,48.6787204450626,8.01112656467316,0,0.278164116828929,3595,155.159944367177
"UGA","c8oh3AnL1P","1","L02",5.00695410292072,95.9666203059805,2.22531293463143,0,0,3595,103.198887343533
"UGA","43RqATksCs8","1","L06",471.794158553547,141.863699582754,33.3796940194715,66.7027249781075,3.33796940194715,3595,717.078246535827
"UGA","kAym5mCCtcB","1","L07",76.4951321279555,26.0639777468707,0,4.8215113583681,0,3595,107.380621233194
"UGA","Lsy3YMkKGP2","1","L01",379.276773296245,90.6815020862309,0,0,0,3595,469.958275382476
"UGA","QybMet9zZh8","1","L06",5260.08344923505,743.254520166898,14.1863699582754,166.898470097357,-0.695410292072323,3595,6183.72739916551
"UGA","CLcgNTsm4y7","1","L03",962.169680111266,443.532684283727,7.51043115438108,79.2767732962448,0.445062586926287,3595,1492.93463143255
"UGA","3csKwZMd8vA","1","L02",427.037552155772,85.6745479833101,133.518776077886,2.92892097342723,8.06675938803894,3595,657.226556578434
"UGA","9P8HkL34az2","1","L02",196.82892906815,15.2990264255911,29.2072322670376,523.86325805241,1.9471488178025,3595,767.145594630991
"UGA","ve5Vid3J3j2","1","L03",143.810848400556,30.5980528511822,1.5855354659249,8.34492350486787,0,3595,184.339360222531
"UGA","5xza3zKCC65","1","L02",262.225312934631,373.574408901252,132.40611961057,0,-0.139082058414465,3595,768.066759388039
"UGA","mjcdtjVVCA6","1","L07",294.158553546592,27.8164116828929,211.404728789986,384.144645340751,2.78164116828929,3595,920.305980528512
"UGA","iLvTEBAQTN6","1","L04",1424.75660639777,133.518776077886,70.0973574408901,751.043115438108,6.2586926286509,3595,2385.67454798331
"UGA","mBXHuSst1y6","1","L04",50.2086230876217,11.1265646731572,0,0,0.66759388038943,3595,62.0027816411683
"UGA","25LYWDpsci5","1","L07",57.8581363004172,4.17246175243394,2.50347705146036,14.0936485859991,2.78164116828929,3595,81.4093648585999
"UGA","kAKQZBMLkGA","1","L06",507.927677329624,25.0347705146036,1.33518776077886,77.8292896512646,1.33518776077886,3595,613.46211301705
"UGA","gVnZfUnJ4V","1","L01",274.826147426982,23.643949930459,69.8191933240612,98.6290482813431,2.78164116828929,3595,469.699980131135
"UGA","hFv6mHJEwd5","1","L06",898.74826147427,34.7705146036161,5.56328233657858,88.8991912635863,9.73574408901252,3595,1037.71699376706
"UGA","dmUnjxva8t4","1","L06",394.993045897079,30.2086230876217,16.6898470097357,62.1619533302426,22.6981919332406,3595,526.75166125792
"UGA","3BWtidtw1gB","1","L03",18.9151599443672,0,0,0,1.39082058414465,3595,20.3059805285118
"UGA","4GxE5frHnQ4","1","L02",194.993045897079,77.8859527121001,0.862030598052851,0,0,3595,273.741029207232
"UGA","hyWdWQ552X7","1","L01",82.6147426981919,96.105702364395,3.33796940194715,0,0,3595,182.058414464534
"UGA","4Ltk7eBsFy2","1","L06",77.1905424200278,94.019471488178,4.45062586926286,52.5678668933189,0.166898470097357,3595,228.395405140885
"UGA","i5k7QWkLJw8","1","L06",394.993045897079,367.732962447844,3.33796940194715,61.1497450162262,0,3595,827.213722763097
"UGA","6vZXvHtQdG2","1","L06",222.531293463143,8.34492350486787,12.5173852573018,48.5370627929738,0,3595,291.930665018287
"UGA","QT4VeJxXHv4","1","L02",744.089012517385,495.132127955494,30.5980528511822,0,0,3595,1269.81919332406
"UGA","3WbmqA7gbk2","1","L01",44.1724617524339,13.9082058414465,5.56328233657858,8.1064971190145,2.78164116828929,3595,74.5320882177628
"UGA","vwWMrLhFgq5","1","L04",179.13769123783,16.6898470097357,0,0,0,3595,195.827538247566
"UGA","Dw3Ud994KTB","1","L04",122.392211404729,1.25173852573018,1.9471488178025,0,0,3595,125.591098748261
"UGA","6L8XQ2ivNNB","1","L07",32.9624478442281,155.7719054242,18.0806675938804,0,0,3595,206.815020862309
"UGA","Q12jo3rceY8","1","L02",2.08623087621697,44.5062586926286,0,0,0,3595,46.5924895688456
"UGA","7yhK3asbcg8","1","L07",80.778859527121,72.6008344923505,3.05980528511822,9.08669448307835,0,3595,165.526193787668
"UGA","N9o6jRf3hy3","1","L07",26.1474269819193,0,2.67037552155772,19.744685078482,0,3595,48.5624875819591
"UGA","LXeBkVStet6","1","L03",74.547983310153,157.162726008345,0,0,0,3595,231.710709318498
"UGA","J4NQk5mWMXA","1","L07",48.5396383866481,0,0,0,0,3595,48.5396383866481
"UGA","nf2b6XaXDy3","1","L07",73.9916550764951,75.4937413073714,1.9471488178025,11.1265646731572,0,3595,162.559109874826
"UGA","s1YRqRa7dg5","1","L03",105.744089012517,145.618915159944,9.87482614742698,147.426981919332,32.4339360222531,3595,441.098748261474
"UGA","2TsiWCE9wU3","1","L02",3.33796940194715,261.474269819193,198.887343532684,431.15438108484,0,3595,894.853963838665
"UGA","fUwjdZnv1x2","1","L06",262.030598052851,73.7134909596662,4.17246175243394,84.641734919899,16.6898470097357,3595,441.248132694586
"UGA","qGGstvM2E46","1","L07",53.9638386648122,0,6.53685674547983,90.7692562421352,0,3595,151.269951652427
"UGA","ea6XKQhZyd3","1","L02",33.1015299026426,823.36578581363,104.867872044506,125.173852573018,0,3595,1086.5090403338
"UGA","SDoi2yLPd6","1","L02",48.4005563282337,69.5410292072323,19.1933240611961,203.501644700532,4.17246175243394,3595,344.809016049628
"UGA","rR4rphkhyt6","1","L01",141.863699582754,45.8970792767733,53.4075104311544,20.9715875223525,0.834492350486787,3595,262.974369163521
"UGA","n4TwADF35","1","L04",492.350486787204,3.33796940194715,1.9471488178025,9.73574408901252,0,3595,507.371349095967
"UGA","JiVbXhqxqD2","1","L06",210.013908205841,57.8581363004172,3.33796940194715,0,0.278164116828929,3595,271.488178025035
"UGA","WKmRQnKoHA8","1","L06",93.1849791376912,11.1265646731572,0,0,2.08623087621697,3595,106.397774687065
"UGA","WmaX2iuVse5","1","L04",110.152990264256,0,5.28511821974965,0,0,3595,115.438108484006
"UGA","WMFdhZg7RN5","1","L02",25.2573018080668,45.0625869262865,0,0,2.22531293463143,3595,72.5452016689847
"UGA","Jm8YLfzpoy5","1","L06",456.578581363004,19.471488178025,1.66898470097357,74.7746355534951,2.08623087621697,3595,554.579920671715
"UGA","EQM92niTjw","1","L07",38.9429763560501,0,2.78164116828929,14.0936485859991,0,3595,55.8182661103384
"UGA","SqGfB47Y5q3","1","L01",197.858136300417,20.8623087621697,675.938803894298,170.951718656865,0.834492350486787,3595,1066.44545996424
"UGA","hnZo2CxSp92","1","L04",394.71488178025,10.8484005563282,0,52.8511821974965,1.41863699582754,3595,459.833101529903
"UGA","E9xodbJqWb8","1","L07",15.57719054242,0,1.11265646731572,0,0,3595,16.6898470097357
"UGA","D3k4R1hEUdA","1","L02",49.4575799721836,33.3796940194715,2.53101529902643,15.446306230729,0.472878998609179,3595,101.28747452002
"UGA","GEpVmB1chZ","1","L04",87.6216968011127,0,0,0,0,3595,87.6216968011127
"UGA","vbnCBWJgn15","1","L01",151.877607788595,17.2461752433936,6.2586926286509,0,0,3595,175.38247566064
"UGA","wJPLc9G7D59","1","L06",178.581363004172,85.6745479833101,2.22531293463143,0,0.834492350486787,3595,267.315716272601
"UGA","jsuqiyHhZp3","1","L07",153.26842837274,0,4.17246175243394,8.43764487714418,1.11265646731572,3595,166.991191469634
"UGA","eZcn1r4ZHQA","1","L07",63.4214186369958,0,0,0,0.333796940194715,3595,63.7552155771905
"UGA","aANwrQbMsa3","1","L01",247.343532684284,37.5521557719054,4.45062586926286,8.22571031194119,0,3595,297.572024637393
"UGA","f52oa28ri63","1","L06",133.852573018081,11.1265646731572,2.78164116828929,76.4101375367022,16.2726008344924,3595,240.443517230722
"UGA","F6gmnrrGL93","1","L01",125.730180806676,8.34492350486787,40.0556328233658,20.2662427975363,10.0139082058414,3595,204.410888138287
"UGA","TdHhH26Qsi9","1","L04",58.692628650904,0,0,0,0.139082058414465,3595,58.8317107093185
"UGA","x16vgM9iGq3","1","L07",321.279554937413,211.404728789986,0,77.8859527121001,24.0333796940195,3595,634.603616133519
"UGA","x3KJboY4Wn4","1","L07",133.324061196106,208.623087621697,2.78164116828929,147.426981919332,1.11265646731572,3595,493.26842837274
"UGA","1Mcd53U8Qb4","1","L02",140.19471488178,452.712100139082,14.9930458970793,111.265646731572,1.50208623087622,3595,720.667593880389
"UGA","k6Z9D2Z16q9","1","L03",200.834492350487,737.134909596662,139.499304589708,12.5173852573018,-0.278164116828929,3595,1089.70792767733
"UGA","FiycRUoeZh","1","L07",43.115438108484,8.34492350486787,2.92072322670376,331.849791376912,1.11265646731572,3595,387.343532684284
"UGA","oimuabaAoj4","1","L03",478.636995827538,735.465924895688,1659.24895688456,588.317107093185,0,3595,3461.66898470097
"UGA","jspz3eC2TW3","1","L06",49.3741307371349,111.265646731572,7.78859527121001,51.3187039612631,0,3595,219.74707670118
"UGA","ome4ka94t7","1","L01",57.3018080667594,24.6175243393602,3.75521557719054,0,0,3595,85.6745479833101
"UGA","tNWzZ2EiTjA","1","L01",77.7468706536857,14.7426981919332,4.45062586926286,12.1597456785218,0,3595,109.099940393404
"UGA","XBSg6BUGH3","1","L06",174.13073713491,19.471488178025,7.51043115438108,30.4847267295111,4.58970792767733,3595,236.187091124504
"UGA","fqBewDc4e89","1","L01",73.0180806675939,21.2795549374131,3.89429763560501,0,0,3595,98.191933240612
"UGA","52MH5CafZg9","1","L04",40.8901251738526,0,0,0,0,3595,40.8901251738526
"UGA","tsxUHiQSdd5","1","L07",183.866481223922,0,0,0,2.78164116828929,3595,186.648122392211
"UGA","p7HQJGp7P14","1","L02",85.3963838664812,168.011126564673,70.5980528511822,0,0,3595,324.005563282337
"UGA","8jLMpgU7qmA","1","L02",8.84561891515994,80.6675938803894,0.834492350486787,33.3796940194715,2.336578581363,3595,126.063977746871
"UGA","wEEPeGoe7x7","1","L01",187.482614742698,23.36578581363,5.56328233657858,124.13073713491,0,3595,340.542420027816
"UGA","TTKHU3eLS44","1","L01",187.816411682893,118.219749652295,60.0834492350487,24.9155573216769,0.417246175243394,3595,391.452414067157
"UGA","xJ36NSni7X2","1","L04",189.151599443672,0,0.556328233657858,0,0,3595,189.70792767733
"UGA","pfmDHWctSE3","1","L03",178.052851182197,120.166898470097,1.66898470097357,8.34492350486787,0.139082058414465,3595,308.372739916551
"UGA","Xab6HD3Zh47","1","L06",107.371349095967,0,13.3518776077886,36.1046721269253,-1.11265646731572,3595,155.715242363365
"UGA","2Zy882qHx74","1","L06",314.603616133519,13.3518776077886,13.3518776077886,61.968783804667,68.9847009735744,3595,472.260856127337
"UGA","B77fdVMrcbB","1","L02",80.3894297635605,130.737134909597,341.863699582754,431.89078011053,0,3595,984.881044366441
"UGA","Kq42xQGSvu4","1","L04",265.257301808067,0,2.78164116828929,3.35355140918423,0.278164116828929,3595,271.670658502369
"UGA","xVFJcnicr68","1","L01",0,318.497913769124,8.90125173852573,12.1597456785218,1.66898470097357,3595,341.227895887145
"UGA","pMDUa1EHvb","1","L06",243.393602225313,100.139082058414,16.6898470097357,43.0355947045794,11.4047287899861,3595,414.662854788029
"UGA","xwVxszyCYQ","1","L07",466.759388038943,200.278164116829,65.4242002781641,529.248625736804,2.22531293463143,3595,1263.93569110537
"UGA","3eWkuw2PPtA","1","L03",137.69123783032,15.0208623087622,6.6759388038943,33.3796940194715,0,3595,192.767732962448
"UGA","3f7GFEXbaK","1","L03",13.9082058414465,68.4283727399166,0,0,0,3595,82.336578581363
"UGA","BiwTi7hdY7","1","L03",31.8219749652295,40.3337969401947,0.834492350486787,8.34492350486787,0,3595,81.3351877607789
"UGA","VHVUj6zT8c6","1","L01",7.34353268428373,82.0584144645341,10.0139082058414,143.135306973972,2.78164116828929,3595,245.33280349692
"UGA","U7Y9xmtZk89","1","L01",123.36578581363,66.759388038943,6.95410292072323,4.05324855950725,0,3595,201.132525332803
"UGA","PxqUsT3Kg39","1","L07",1.66898470097357,8.34492350486787,12.5173852573018,7.88131664348632,2.78164116828929,3595,33.1942512749189
"UGA","fYfZbzp5Nv8","1","L02",10.2920723226704,333.796940194715,7.89986091794159,257.596367677035,2.08623087621697,3595,611.671471988579
"UGA","43ozar7mLV6","1","L03",213.769123783032,141.863699582754,0.584144645340751,8.34492350486787,-0.973574408901252,3595,363.588317107093
"UGA","ggHPuVorAC2","1","L07",13.9082058414465,445.897079276773,0,0,0,3595,459.80528511822
"UGA","udreQXLRb29","1","L07",12.6842837273992,15.1599443671766,2.08623087621697,0,0.278164116828929,3595,30.2086230876217
"UGA","kyXkjdQuZSA","1","L01",196.940194714882,35.0486787204451,2.78164116828929,169.680111265647,0,3595,404.450625869263
"UGA","L3z2GfyVdH5","1","L03",406.119610570236,225.312934631433,16.6898470097357,83.4492350486787,0,3595,731.571627260083
"UGA","L8vM1Pqk5B6","1","L06",575.799721835883,70.9318497913769,150.208623087622,62.1619533302426,37.5521557719054,3595,896.65430381703
"UGA","LAqtBPvPxy","1","L03",438.247566063978,74.1307371349096,7.51043115438108,66.759388038943,26.4255910987483,3595,613.07371349096
"UGA","UKqsMYWu6S2","1","L04",677.8859527121,30.3198887343533,0.556328233657858,0,0,3595,708.762169680111
"UGA","uMco3gkx1Z8","1","L07",9.17941585535466,47.2878998609179,0,0,2.78164116828929,3595,59.2489568845619
"UGA","Gr3yWAqnod7","1","L06",785.813630041725,8.34492350486787,27.8164116828929,203.773244732911,13.3518776077886,3595,1039.10008757018
"UGA","LEzTDqKV6f3","1","L04",102.920723226704,111.265646731572,8.34492350486787,-13.9082058414465,0,3595,208.623087621697
"UGA","uNqoVbaZpG3","1","L07",30.0973574408901,471.766342141864,3.33796940194715,111.265646731572,0.556328233657858,3595,617.02364394993
"UGA","ypMu1Vkfqo9","1","L02",37.6773296244784,76.2169680111266,8.34492350486787,15.593586035867,0,3595,137.83280717634
"UGA","QJMME7KeMn","1","L02",72.461752433936,285.118219749652,4.17246175243394,8.34492350486787,0,3595,370.09735744089
"UGA","GuUwLgiijo2","1","L02",20.8623087621697,182.197496522949,23.5326842837274,0,0,3595,226.592489568846
"UGA","4wawPvHomv","1","L04",97.7746870653686,9.17941585535466,2.50347705146036,0,0,3595,109.457579972184
"UGA","Uvc1cgf5XM9","1","L07",111.543810848401,4.17246175243394,1.66898470097357,0,0,3595,117.385257301808
"UGA","YTTV9E8N5B7","1","L01",163.894297635605,73.7134909596662,4.03337969401947,921.637194516193,0.556328233657858,3595,1163.83469103914
"UGA","UYwovny68h","1","L04",122.392211404729,0,3.33796940194715,20.04339841892,0,3595,145.773579225596
"UGA","GwMi53segV4","1","L02",51.4603616133519,283.727399165508,6.95410292072323,309.204009095525,0.834492350486787,3595,652.180365145595
"UGA","uZWP16YfzT5","1","L02",79.9721835883171,133.518776077886,70.1248956884562,0,0,3595,283.615855354659
"UGA","YXV6xbSxws2","1","L06",290.125173852573,12.5173852573018,1.66898470097357,4.14413022201617,3.89429763560501,3595,312.34997166847
"UGA","kJPFgVkrzr8","1","L06",175.799721835883,0,0,0,1.80806675938804,3595,177.607788595271
"UGA","5BM4RJvhSqA","1","L03",52.2948539638387,255.910987482615,8.03894297635605,0,0,3595,316.244784422809
"UGA","Yz9QZdfbFV","1","L02",15.855354659249,368.706536856745,3.33796940194715,68.7229323501924,0,3595,456.622793268134
"UGA","V5nBNdt5Wo9","1","L02",35.0486787204451,55.6328233657858,6.2586926286509,197.643802753678,0.62586926286509,3595,295.209866731424
"UGA","Mc7EjdDK3M3","1","L04",453.129346314325,34.7426981919332,0,0,0,3595,487.872044506259
"UGA","z9PS7Qjy5L2","1","L04",725.312934631433,23.9221140472879,4.45062586926286,-23.8909500328137,20.0278164116829,3595,749.822540926852
"UGA","8WWivGcFUz5","1","L03",677.051460361613,127.955493741307,147.98331015299,8.34492350486787,-0.278164116828929,3595,961.05702364395
"UGA","cTxbn5tVsdA","1","L07",103.198887343533,6.95410292072323,2.22531293463143,5.7487250811312,0,3595,118.127028280019
"UGA","vCMe7iY3tJ","1","L01",99.3045897079277,153.963838664812,0.556328233657858,8.1064971190145,1.25173852573018,3595,263.182992251142
"UGA","CW2n61MumoA","1","L04",34.7705146036161,0,1.39082058414465,0,0,3595,36.1613351877608
"UGA","hiJdT15von9","1","L02",53.2962447844228,114.047287899861,2.22531293463143,0,0.111265646731572,3595,169.680111265647
"UGA","r4YWWf5e5x3","1","L03",23.36578581363,36.1613351877608,6.39777468706537,406.119610570236,0,3595,472.044506258693
"UGA","ZbpM6thc1b2","1","L02",55.076495132128,7.64951321279555,0.0166898470097357,0,0.66759388038943,3595,63.4102920723227
"UGA","HLCLDYcEQF2","1","L03",163.421418636996,191.933240611961,50.2086230876217,12.5173852573018,1.41863699582754,3595,419.499304589708
"UGA","r8r378XZhzA","1","L03",222.531293463143,141.863699582754,0.834492350486787,0,2.7538247566064,3595,367.98331015299
"UGA","zCz7aSrczL2","1","L04",125.452016689847,0,0,0,0,3595,125.452016689847
"UGA","vkQ3CHAz8S2","1","L04",13.2127955493741,9.45757997218359,0.111265646731572,0,0,3595,22.7816411682893
"UGA","UBoKCmEGFXB","1","L04",744.367176634214,6.2586926286509,0,0,0,3595,750.625869262865
"UGA","6knFhJg33R9","1","L04",117.941585535466,0,1.9471488178025,19.471488178025,0,3595,139.360222531293
"UGA","mpqcPSFDpCB","1","L06",429.207232267038,18.0806675938804,10.0414464534075,0,1.80806675938804,3595,459.137413073714
"UGA","HWUQqfGSi37","1","L02",54.4506258692629,372.100139082058,7.51043115438108,5.85784194685446,0,3595,439.919038052557
"UGA","vPv6VoT5Hx6","1","L03",36.1613351877608,93.3240611961057,2.78164116828929,4.17246175243394,0,3595,136.43949930459
"UGA","VQjx1ubsk84","1","L03",69.2628650904033,18.0806675938804,204.589707927677,25.0347705146036,0,3595,316.968011126565
"UGA","ZpzNhUcn8E4","1","L06",155.7719054242,276.773296244784,1.39082058414465,0,0,3595,433.936022253129
"UGA","vsXLkjJ58x2","1","L01",81.2239221140473,35.6050069541029,3.75521557719054,181.730578183986,0,3595,302.314722829326
"UGA","mSfzhnwYib5","1","L01",65.2851182197496,16.6898470097357,0,0,0,3595,81.9749652294854
"UGA","rMuY6Uj3iMy","1","L03",130.041724617524,107.093184979138,8.6230876216968,44.5062586926286,0,3595,290.264255910988
"UGA","Zsq7RscRsJA","1","L06",275.38247566064,65.5076495132128,3.11543810848401,8.28826044403235,1.00139082058414,3595,353.295214546953
"UGA","RnembMKrW72","1","L03",342.837273991655,68.8456189151599,7.51043115438108,25.0347705146036,0,3595,444.2280945758
"UGA","ZU7tm63WQNB","1","L06",503.755215577191,67.0375521557719,3.33796940194715,8.28826044403235,1.11265646731572,3595,583.531654046258
"UGA","ZVVKrqxAx48","1","L04",188.595271210014,2.78164116828929,0,0,0,3595,191.376912378303
"UGA","zVWFb5eAbV7","1","L07",47.0375521557719,23.36578581363,2.78164116828929,62.9578117756143,2.78164116828929,3595,138.924432081595
"UGA","VyrUWsmH5zA","1","L01",163.282336578581,65.0904033379694,0,25.0347705146036,0,3595,253.407510431154
"UGA","rrTcscTcWH","1","L03",101.112656467316,216.550764951321,267.872044506259,20.8623087621697,0,3595,606.397774687065
"UGA","RscSHibFMZ","1","L07",42.0027816411683,23.36578581363,0,0,0,3595,65.3685674547983
"UGA","w27bEeu1DR","1","L02",29.7635605006954,211.404728789986,36.8567454798331,214.333649763413,0,3595,492.358684533928
