"Country","Landscape","Household_ID","Round","bundles","cost","total_fuelwood_value","hh_annual_nonfuel_nr_value","Nonfuel_NR_decreasing","Rate"
"GHA","L01","13sx7zZ45L7","1",72,3,49.6780128794848,20.6991720331187,1,4.348
"GHA","L01","5xb8kqgFVh9","1",416,3,287.028518859246,96.5961361545538,0,4.348
"GHA","L01","87qeDKg8sj5","1",156,3,107.635694572217,0,NA,4.348
"GHA","L01","aEPhhDYMsKA","1",208,3,143.514259429623,96.5961361545538,0.5,4.348
"GHA","L01","bnNcJ3bknL7","1",260,3,179.392824287029,0,NA,4.348
"GHA","L01","dQNLmp8vbx7","1",104,3,71.7571297148114,13.7994480220791,1,4.348
"GHA","L01","dVULAjf4W89","1",104,3,71.7571297148114,41.3983440662373,NA,4.348
"GHA","L01","e4zTqWoHTi","1",52,3,35.8785648574057,0,1,4.348
"GHA","L01","EAdeyuGhu85","1",NA,NA,NA,0,NA,4.348
"GHA","L01","EmjTzkKPcK4","1",520,3,358.785648574057,0,NA,4.348
"GHA","L01","FcfWcnPR1A6","1",260,3,179.392824287029,41.3983440662373,1,4.348
"GHA","L01","GEgBv7HAf68","1",208,3,143.514259429623,9.65961361545538,1,4.348
"GHA","L01","hy4613HYBr3","1",440,3,303.587856485741,41.3983440662373,1,4.348
"GHA","L01","jR5EnTkAqM3","1",104,3,71.7571297148114,0,1,4.348
"GHA","L01","k8zEL6BmKHB","1",312,3,215.271389144434,0,NA,4.348
"GHA","L01","KSchTBWs2p7","1",104,3,71.7571297148114,1.37994480220791,1,4.348
"GHA","L01","n3hCRp3nTfB","1",208,3,143.514259429623,0,NA,4.348
"GHA","L01","njfYPSwX6c8","1",312,3,215.271389144434,22.9990800367985,1,4.348
"GHA","L01","PXb5NT8y8n6","1",52,3,35.8785648574057,2.75988960441582,1,4.348
"GHA","L01","qG2u89ePnM3","1",208,3,143.514259429623,0,1,4.348
"GHA","L01","qqEgat4rGk9","1",312,3,215.271389144434,1.37994480220791,1,4.348
"GHA","L01","qy7poFPTo22","1",156,3,107.635694572217,59.7976080956762,1,4.348
"GHA","L01","rvasPDxnwj3","1",780,3,538.178472861086,0,NA,4.348
"GHA","L01","UDYnaavH8U3","1",312,3,215.271389144434,41.3983440662373,1,4.348
"GHA","L01","V42v2Qoi8j3","1",312,3,215.271389144434,25.2989880404784,1,4.348
"GHA","L01","vz6UQ8NGgEA","1",312,3,215.271389144434,0,1,4.348
"GHA","L01","Xg5bY5Ztxx2","1",676,3,466.421343146274,36.7985280588776,NA,4.348
"GHA","L01","ZgVCya2zX73","1",156,3,107.635694572217,2.29990800367985,1,4.348
"GHA","L01","ZsXLTqgEPA2","1",104,3,71.7571297148114,21.8491260349586,0.333333333333333,4.348
"GHA","L02","aC1Yp9Vbbb9","1",364,3,251.14995400184,101.195952161914,0.6,4.348
"GHA","L02","ArjKWQXjiQ2","1",104,3,71.7571297148114,16.5593376264949,1,4.348
"GHA","L02","arUegScQDF9","1",2,3,1.37994480220791,0,NA,4.348
"GHA","L02","BNLAgvK3aCA","1",312,3,215.271389144434,22.9990800367985,1,4.348
"GHA","L02","cSN6zpcALp9","1",NA,NA,NA,0,NA,4.348
"GHA","L02","d4TMBLeBJr2","1",NA,NA,NA,0,NA,4.348
"GHA","L02","fkisAfkhBS2","1",5,3,3.44986200551978,1195.95216191352,1,4.348
"GHA","L02","gEi4dQZTGjA","1",6,3,4.13983440662374,0,NA,4.348
"GHA","L02","GLaBCfmRHT9","1",312,3,215.271389144434,11.0395584176633,1,4.348
"GHA","L02","go6Ch5Km3k7","1",364,3,251.14995400184,101.195952161914,0.5,4.348
"GHA","L02","h9yzMoqrEr7","1",104,3,71.7571297148114,9.19963201471941,1,4.348
"GHA","L02","HK4BRArXjD6","1",4,3,2.75988960441582,0,NA,4.348
"GHA","L02","LcDR4MVNrw","1",104,3,71.7571297148114,97.5160993560258,1,4.348
"GHA","L02","MdadqCNEiL","1",208,3,143.514259429623,18.1692732290708,0.5,4.348
"GHA","L02","MFMymqGXjf8","1",156,3,107.635694572217,110.395584176633,0.75,4.348
"GHA","L02","Ny58V5eghz7","1",51,3,35.1885924563017,0,NA,4.348
"GHA","L02","NZwEq9cA5VB","1",884,3,609.935602575897,110.395584176633,1,4.348
"GHA","L02","oJSmP1FYvbB","1",104,3,71.7571297148114,22.9990800367985,1,4.348
"GHA","L02","pEa2FhYEyQ2","1",416,3,287.028518859246,41.3983440662373,1,4.348
"GHA","L02","RkxgfouGkY6","1",468,3,322.907083716651,0,NA,4.348
"GHA","L02","SAvMdkgq8K4","1",120,3,82.7966881324747,83.9466421343146,0.8,4.348
"GHA","L02","sSK4YGpVFE3","1",48,3,33.1186752529899,25.0689972401104,0.8,4.348
"GHA","L02","tcEkwscfpH4","1",104,3,71.7571297148114,0,1,4.348
"GHA","L02","tKy51hwqVM2","1",12,3,8.27966881324747,0,NA,4.348
"GHA","L02","UUj4sWMqYC3","1",NA,NA,NA,0,NA,4.348
"GHA","L02","vyxUdnM5dv5","1",156,3,107.635694572217,89.2364305427783,0.75,4.348
"GHA","L02","Wth4nHzDVc8","1",6,3,4.13983440662374,0,NA,4.348
"GHA","L02","XiQuiDjntD2","1",1,3,0.689972401103956,2.87488500459982,1,4.348
"GHA","L02","XqoC5saQNR5","1",156,3,107.635694572217,0,0.666666666666667,4.348
"GHA","L03","1YyZC8Zyxy7","1",156,3,107.635694572217,0,NA,4.348
"GHA","L03","2w6GUTeKDd","1",156,3,107.635694572217,0,NA,4.348
"GHA","L03","3oYDbENAuo","1",NA,NA,NA,18.3992640294388,1,4.348
"GHA","L03","56esinYPtWB","1",1560,3,1076.35694572217,11.9595216191352,1,4.348
"GHA","L03","5G241XCT6VA","1",52,3,35.8785648574057,6.89972401103956,0.5,4.348
"GHA","L03","5JcGGbr2Y88","1",520,3,358.785648574057,11.0395584176633,1,4.348
"GHA","L03","5o639Qfu5Q8","1",52,3,35.8785648574057,0,1,4.348
"GHA","L03","bvFDUPT6cv8","1",52,3,35.8785648574057,50.5979760809568,1,4.348
"GHA","L03","C7yu9JZpZ96","1",208,3,143.514259429623,55.1977920883165,0.666666666666667,4.348
"GHA","L03","dWWPvz9La34","1",416,3,287.028518859246,9.19963201471941,1,4.348
"GHA","L03","eaQik5x8C35","1",416,3,287.028518859246,18.3992640294388,1,4.348
"GHA","L03","f4fJfgvzWm3","1",416,3,287.028518859246,19.0892364305428,0.666666666666667,4.348
"GHA","L03","GDXUCUdQZB6","1",104,3,71.7571297148114,4.59981600735971,0,4.348
"GHA","L03","GPMVX5tyrx4","1",208,3,143.514259429623,22.9990800367985,1,4.348
"GHA","L03","HYK4pqongQ7","1",260,3,179.392824287029,64.3974241030359,1,4.348
"GHA","L03","ignYVcEWdh6","1",312,3,215.271389144434,0.689972401103956,1,4.348
"GHA","L03","K5Z7A224KK7","1",312,3,215.271389144434,45.9981600735971,1,4.348
"GHA","L03","kLYaJ3DYGC7","1",156,3,107.635694572217,0,NA,4.348
"GHA","L03","Kte7LVWAkq7","1",156,3,107.635694572217,0,NA,4.348
"GHA","L03","nLAqDVxLW42","1",NA,NA,NA,55.1977920883165,0.666666666666667,4.348
"GHA","L03","oGAiiS5KTH6","1",156,3,107.635694572217,135.694572217111,0.5,4.348
"GHA","L03","phfDZ3p9QE5","1",520,3,358.785648574057,13.7994480220791,1,4.348
"GHA","L03","qaB9PRByhQ7","1",520,3,358.785648574057,68.9972401103956,1,4.348
"GHA","L03","TfTiB3qRvU2","1",52,3,35.8785648574057,91.9963201471941,1,4.348
"GHA","L03","UmXMMFYwnL4","1",156,3,107.635694572217,34.2686292548298,0.666666666666667,4.348
"GHA","L03","UNJbgF8rDE4","1",312,3,215.271389144434,18.3992640294388,1,4.348
"GHA","L03","w5r45534D96","1",104,3,71.7571297148114,1.83992640294388,1,4.348
"GHA","L03","wtorB9F7hm5","1",156,3,107.635694572217,36.7985280588776,0.666666666666667,4.348
"GHA","L03","ymaHgFS7sD7","1",156,3,107.635694572217,0,NA,4.348
"GHA","L03","YqAFB2BMNLB","1",156,3,107.635694572217,0,NA,4.348
"GHA","L04","5rf37agRoT5","1",52,3,35.8785648574057,9.19963201471941,0,4.348
"GHA","L04","7PXpD9kuLR3","1",416,3,287.028518859246,0,NA,4.348
"GHA","L04","9M4qT2DMJj","1",208,3,143.514259429623,5.74977000919963,1,4.348
"GHA","L04","AKMWbrcHqo7","1",156,3,107.635694572217,0,NA,4.348
"GHA","L04","AZbZLMWXXU5","1",468,3,322.907083716651,4.59981600735971,0,4.348
"GHA","L04","cC52Z4XDyF4","1",1040,3,717.571297148114,60.7175712971481,1,4.348
"GHA","L04","CxMdVRz4Fo","1",NA,NA,NA,4.59981600735971,0,4.348
"GHA","L04","dfyqb4HLxn8","1",468,3,322.907083716651,20.2391904323827,0,4.348
"GHA","L04","dSafpBy1bV9","1",NA,NA,NA,0,NA,4.348
"GHA","L04","ev9j4bGtBTB","1",260,3,179.392824287029,13.7994480220791,1,4.348
"GHA","L04","eze6AQDVxQ4","1",156,3,107.635694572217,9.19963201471941,0,4.348
"GHA","L04","HJ9K9FonFCA","1",364,3,251.14995400184,55.1977920883165,0,4.348
"GHA","L04","LMzw8JsSze","1",312,3,215.271389144434,27.5988960441582,0,4.348
"GHA","L04","NqtNJxp3qaB","1",104,3,71.7571297148114,1.83992640294388,0,4.348
"GHA","L04","P6yZhzEGVc6","1",52,3,35.8785648574057,0,0,4.348
"GHA","L04","qAcLcu8zBx5","1",104,3,71.7571297148114,0,NA,4.348
"GHA","L04","qie8QYVB3s6","1",104,3,71.7571297148114,1.83992640294388,1,4.348
"GHA","L04","rzTsdWdr6y3","1",520,3,358.785648574057,9.19963201471941,1,4.348
"GHA","L04","tsyzA3E2k36","1",24,3,16.5593376264949,0,NA,4.348
"GHA","L04","v5AnXEEYcG3","1",104,3,71.7571297148114,1.83992640294388,1,4.348
"GHA","L04","vVmon4etMR7","1",104,3,71.7571297148114,91.9963201471941,0.5,4.348
"GHA","L04","wbguRJt7c17","1",624,3,430.542778288868,0,NA,4.348
"GHA","L04","WgmUQnWemm7","1",676,3,466.421343146274,18.3992640294388,1,4.348
"GHA","L04","WWKohq5CDc4","1",NA,NA,NA,0,NA,4.348
"GHA","L04","X4aAZpreBL7","1",156,3,107.635694572217,9.19963201471941,1,4.348
"GHA","L04","yDfj9pye3S8","1",NA,NA,NA,9.19963201471941,0,4.348
"GHA","L04","zbPhVbZ2hNA","1",104,3,71.7571297148114,188.592456301748,1,4.348
"GHA","L04","zebc4qh1zU8","1",52,3,35.8785648574057,4.59981600735971,0,4.348
"GHA","L04","znLkiipm6hB","1",208,3,143.514259429623,0.919963201471941,0,4.348
"GHA","L05","4DD1mGbS2b6","1",208,3,143.514259429623,0,1,4.348
"GHA","L05","6o1LRkbmmy9","1",156,3,107.635694572217,0,NA,4.348
"GHA","L05","6rFDY18oMR9","1",208,3,143.514259429623,0,NA,4.348
"GHA","L05","FEggU1cWz95","1",208,3,143.514259429623,0,NA,4.348
"GHA","L05","FYM9NczMwv9","1",52,3,35.8785648574057,0,NA,4.348
"GHA","L05","fyW9nSiREpA","1",208,3,143.514259429623,0,NA,4.348
"GHA","L05","gggGZ6AgZ6A","1",156,3,107.635694572217,0,NA,4.348
"GHA","L05","HqDbz9qjXL","1",104,3,71.7571297148114,91.9963201471941,1,4.348
"GHA","L05","JsGWt7k9dz2","1",24,3,16.5593376264949,0,0,4.348
"GHA","L05","jVAvmnH4bS6","1",156,3,107.635694572217,0,0,4.348
"GHA","L05","LFwa12jnrL2","1",104,3,71.7571297148114,0,NA,4.348
"GHA","L05","Ly7CbRbwGm9","1",156,3,107.635694572217,0,NA,4.348
"GHA","L05","mKsBRiEXdL6","1",208,3,143.514259429623,0,NA,4.348
"GHA","L05","nMZQwMPqKU4","1",312,3,215.271389144434,0,NA,4.348
"GHA","L05","o1aKSCrDRMB","1",156,3,107.635694572217,0,NA,4.348
"GHA","L05","o1P6K2wcxu7","1",NA,NA,NA,0,NA,4.348
"GHA","L05","pdf1PrAkhV","1",156,3,107.635694572217,0,NA,4.348
"GHA","L05","PpJDFyaTPe6","1",104,3,71.7571297148114,0,NA,4.348
"GHA","L05","QFh29fHsCvA","1",312,3,215.271389144434,18.3992640294388,1,4.348
"GHA","L05","QYtwXPgNBa3","1",104,3,71.7571297148114,0,0,4.348
"GHA","L05","SGWDY8X7yo4","1",520,3,358.785648574057,5979.76080956762,1,4.348
"GHA","L05","U18xstU8LR7","1",52,3,35.8785648574057,0.919963201471941,0,4.348
"GHA","L05","U7thyS2zJj8","1",156,3,107.635694572217,9.19963201471941,0,4.348
"GHA","L05","uF4YRcniT69","1",208,3,143.514259429623,9.19963201471941,1,4.348
"GHA","L05","wGsPM221dM8","1",156,3,107.635694572217,0,NA,4.348
"GHA","L05","wTASpGRGc38","1",156,3,107.635694572217,0,NA,4.348
"GHA","L05","WX9WPcwEjJ9","1",364,3,251.14995400184,0,NA,4.348
"GHA","L05","XEA6aofdZo5","1",364,3,251.14995400184,0,NA,4.348
"GHA","L05","zAweUkHmCz8","1",312,3,215.271389144434,0,NA,4.348
"GHA","L05","zwCpRhKnPo9","1",12,3,8.27966881324747,0,NA,4.348
"GHA","L06","1HhLECbGhy6","1",52,3,35.8785648574057,0,NA,4.348
"GHA","L06","2Q7MnSV2oJ5","1",416,3,287.028518859246,16.5593376264949,0,4.348
"GHA","L06","3262VdP66d2","1",7,3,4.82980680772769,0,NA,4.348
"GHA","L06","4TJsubF6Yx6","1",124,3,85.5565777368905,0,0,4.348
"GHA","L06","4xFbY5oyU82","1",52,3,35.8785648574057,22.9990800367985,1,4.348
"GHA","L06","5UXNFVq35e8","1",12,3,8.27966881324747,597.976080956762,1,4.348
"GHA","L06","7KKdwdFxzG7","1",156,3,107.635694572217,160.99356025759,1,4.348
"GHA","L06","bJGfxV1Xw6","1",208,3,143.514259429623,1.83992640294388,0,4.348
"GHA","L06","bTw4qVWG7a6","1",NA,NA,NA,160.99356025759,0.666666666666667,4.348
"GHA","L06","BwcbgH6pxh9","1",1820,3,1255.7497700092,58.8776448942042,1,4.348
"GHA","L06","c4ZGhkt4uq2","1",208,3,143.514259429623,96.5961361545538,0.666666666666667,4.348
"GHA","L06","CTRQQXCQTVB","1",312,3,215.271389144434,55.1977920883165,1,4.348
"GHA","L06","DEyNXLrfRG2","1",128,3,88.3164673413063,36.7985280588776,1,4.348
"GHA","L06","E3EGXT3BJS5","1",76,3,52.4379024839006,0,NA,4.348
"GHA","L06","eYyzj3xgGn8","1",260,3,179.392824287029,20.2391904323827,1,4.348
"GHA","L06","F7pxhW1PHK7","1",104,3,71.7571297148114,152.713891444342,0.5,4.348
"GHA","L06","GAwYHaSgWn8","1",104,3,71.7571297148114,64.3974241030359,1,4.348
"GHA","L06","h7GgmuPVUH3","1",NA,NA,NA,0,NA,4.348
"GHA","L06","hrKn2nuXSs9","1",260,3,179.392824287029,3735.05059797608,1,4.348
"GHA","L06","iR5ETCSgpV5","1",104,3,71.7571297148114,84.6366145354186,0.5,4.348
"GHA","L06","jCvYgt72fP4","1",208,3,143.514259429623,0,NA,4.348
"GHA","L06","joFqVCsb215","1",156,3,107.635694572217,27.5988960441582,1,4.348
"GHA","L06","jPJAT9f2La4","1",48,3,33.1186752529899,4.59981600735971,1,4.348
"GHA","L06","jsKMRaBxNf","1",780,3,538.178472861086,38.6384544618215,1,4.348
"GHA","L06","Jsv9PkxATh9","1",108,3,74.5170193192272,147.194112235511,0.75,4.348
"GHA","L06","K7cFANftUD3","1",104,3,71.7571297148114,64.3974241030359,1,4.348
"GHA","L06","LeYiNjAjKi2","1",832,3,574.057037718491,1937.44250229991,1,4.348
"GHA","L06","nYHDrtr9BkA","1",104,3,71.7571297148114,71.7571297148114,0.833333333333333,4.348
"GHA","L06","QNH5zfmLt2B","1",52,3,35.8785648574057,45.9981600735971,1,4.348
"GHA","L06","R24vZdb6HQ7","1",104,3,71.7571297148114,41.3983440662373,0.333333333333333,4.348
"GHA","L06","R3dD5HrGm58","1",208,3,143.514259429623,0,NA,4.348
"GHA","L06","reM7upJxET6","1",256,3,176.632934682613,73.5970561177553,1,4.348
"GHA","L06","SstK2kLetr6","1",156,3,107.635694572217,36.7985280588776,1,4.348
"GHA","L06","Ta22RrxG4KB","1",208,3,143.514259429623,4.59981600735971,1,4.348
"GHA","L06","thieXHRj9r7","1",260,3,179.392824287029,113.615455381785,0.142857142857143,4.348
"GHA","L06","TVHKxGJD4T5","1",104,3,71.7571297148114,0,NA,4.348
"GHA","L06","uA6dFVY3tr2","1",260,3,179.392824287029,80.0367985280589,1,4.348
"GHA","L06","uVDhbqsgm8B","1",104,3,71.7571297148114,0,NA,4.348
"GHA","L06","vqK89X1n7z7","1",104,3,71.7571297148114,82.7966881324747,0.333333333333333,4.348
"GHA","L06","W8ZrkDDq8B","1",1300,3,896.964121435143,919.963201471941,1,4.348
"GHA","L06","xJHuYg9HkC4","1",260,3,179.392824287029,112.235510579577,1,4.348
"GHA","L06","ydHcUTHKzD7","1",1664,3,1148.11407543698,269.089236430543,1,4.348
"GHA","L06","Yt9L1fZvpf5","1",8,3,5.51977920883165,34.4986200551978,0.5,4.348
"GHA","L06","yyBkps8kGBB","1",832,3,574.057037718491,18.3992640294388,0.5,4.348
"RWA","L01","2AzeKX3Xdj9","1",312,600,223.175965665236,0,NA,838.8
"RWA","L01","2AzeKX3Xdj9","2",364,600,260.371959942775,0,NA,838.8
"RWA","L01","4uYtGb6q1h5","1",208,600,148.783977110157,0,NA,838.8
"RWA","L01","4uYtGb6q1h5","2",208,600,148.783977110157,0,NA,838.8
"RWA","L01","8DoKMFq9rv7","1",104,600,74.3919885550787,0,NA,838.8
"RWA","L01","8DoKMFq9rv7","2",156,600,111.587982832618,0,NA,838.8
"RWA","L01","9upFZJLCfM2","1",272,600,194.563662374821,0,NA,838.8
"RWA","L01","9upFZJLCfM2","2",312,600,223.175965665236,0,NA,838.8
"RWA","L01","aDnodjimek6","1",312,600,223.175965665236,0,NA,838.8
"RWA","L01","aDnodjimek6","2",416,600,297.567954220315,0,NA,838.8
"RWA","L01","Ag8CWapFXT9","1",376,600,268.9556509299,0,NA,838.8
"RWA","L01","Ag8CWapFXT9","2",156,600,111.587982832618,0,NA,838.8
"RWA","L01","bW7iZTf8uW7","1",104,600,74.3919885550787,0,NA,838.8
"RWA","L01","bW7iZTf8uW7","2",104,600,74.3919885550787,0,NA,838.8
"RWA","L01","CxdDadFVXS7","1",220,600,157.367668097282,0,NA,838.8
"RWA","L01","CxdDadFVXS7","2",156,600,111.587982832618,0,NA,838.8
"RWA","L01","cZWWUyRwuTA","1",468,600,334.763948497854,0,NA,838.8
"RWA","L01","cZWWUyRwuTA","2",416,600,297.567954220315,0,NA,838.8
"RWA","L01","e2RyT8u9Vs5","1",520,600,371.959942775393,0,NA,838.8
"RWA","L01","e2RyT8u9Vs5","2",260,600,185.979971387697,0,NA,838.8
"RWA","L01","eVbuv11Jya9","1",272,600,194.563662374821,0,NA,838.8
"RWA","L01","eVbuv11Jya9","2",828,600,592.274678111588,0,NA,838.8
"RWA","L01","fSLig1NkSU7","1",312,600,223.175965665236,0,NA,838.8
"RWA","L01","fSLig1NkSU7","2",780,600,557.93991416309,0,NA,838.8
"RWA","L01","GBGa6M3rbd3","1",400,600,286.123032904149,0,NA,838.8
"RWA","L01","GBGa6M3rbd3","2",252,600,180.257510729614,0,NA,838.8
"RWA","L01","gvW2UAieds2","1",104,600,74.3919885550787,0,NA,838.8
"RWA","L01","gvW2UAieds2","2",104,600,74.3919885550787,0,NA,838.8
"RWA","L01","KeSq3y3A1h4","1",52,600,37.1959942775393,0,NA,838.8
"RWA","L01","KeSq3y3A1h4","2",156,600,111.587982832618,0,NA,838.8
"RWA","L01","m6KCw7ZxQ47","1",208,600,148.783977110157,0,NA,838.8
"RWA","L01","m6KCw7ZxQ47","2",468,600,334.763948497854,0,NA,838.8
"RWA","L01","mDLfcyhvBu","1",260,600,185.979971387697,0,NA,838.8
"RWA","L01","mDLfcyhvBu","2",468,600,334.763948497854,0,NA,838.8
"RWA","L01","MsBreaQuEcA","1",52,600,37.1959942775393,0,NA,838.8
"RWA","L01","MsBreaQuEcA","2",104,600,74.3919885550787,0,NA,838.8
"RWA","L01","nMVazETomT7","1",208,600,148.783977110157,0,NA,838.8
"RWA","L01","nMVazETomT7","2",416,600,297.567954220315,0,NA,838.8
"RWA","L01","Nq4M7PWJPS","1",116,600,82.9756795422032,0,NA,838.8
"RWA","L01","Nq4M7PWJPS","2",72,600,51.5021459227468,0,NA,838.8
"RWA","L01","QUACw1VqWL2","1",416,600,297.567954220315,0,NA,838.8
"RWA","L01","QUACw1VqWL2","2",260,600,185.979971387697,0,NA,838.8
"RWA","L01","RCuAWjMUBmA","1",156,600,111.587982832618,0,NA,838.8
"RWA","L01","RCuAWjMUBmA","2",308,600,220.314735336195,0,NA,838.8
"RWA","L01","smz4XRTY7G6","1",208,600,148.783977110157,0,NA,838.8
"RWA","L01","smz4XRTY7G6","2",156,600,111.587982832618,0,NA,838.8
"RWA","L01","TEgeq116YW6","1",364,600,260.371959942775,0,NA,838.8
"RWA","L01","TEgeq116YW6","2",780,600,557.93991416309,0,NA,838.8
"RWA","L01","TWGYiMEN9K3","1",96,600,68.6695278969957,0,NA,838.8
"RWA","L01","TWGYiMEN9K3","2",52,600,37.1959942775393,0,NA,838.8
"RWA","L01","VM1oxfq9wgB","1",48,600,34.3347639484979,0,NA,838.8
"RWA","L01","VM1oxfq9wgB","2",312,600,223.175965665236,0,NA,838.8
"RWA","L01","wPk7iGeM1n2","1",468,600,334.763948497854,0,NA,838.8
"RWA","L01","wPk7iGeM1n2","2",416,600,297.567954220315,0,NA,838.8
"RWA","L01","wy7axJB9t4A","1",52,600,37.1959942775393,0,NA,838.8
"RWA","L01","wy7axJB9t4A","2",260,600,185.979971387697,0,NA,838.8
"RWA","L01","XXFzjtd2A8","1",624,600,446.351931330472,0,NA,838.8
"RWA","L01","XXFzjtd2A8","2",780,600,557.93991416309,0,NA,838.8
"RWA","L01","yjXM15j8fo9","1",260,600,185.979971387697,0,NA,838.8
"RWA","L01","yjXM15j8fo9","2",104,600,74.3919885550787,0,NA,838.8
"RWA","L02","4aupp5Gqjv6","1",24,600,17.1673819742489,0,NA,838.8
"RWA","L02","6zdLptApzZ2","1",260,600,185.979971387697,0,NA,838.8
"RWA","L02","7HuaMEgyTz4","1",364,600,260.371959942775,0,NA,838.8
"RWA","L02","am7bPMj2uA","1",156,600,111.587982832618,0,NA,838.8
"RWA","L02","AoyYjSvsgJA","1",76,600,54.3633762517883,0,NA,838.8
"RWA","L02","Az5BDLdFCQB","1",84,600,60.0858369098712,0,NA,838.8
"RWA","L02","d77n4FzyP99","1",NA,NA,NA,0,NA,838.8
"RWA","L02","DEfS8gcomk3","1",260,600,185.979971387697,0,NA,838.8
"RWA","L02","fHLhUbHi259","1",104,600,74.3919885550787,0,NA,838.8
"RWA","L02","FtidgPbhow5","1",NA,NA,NA,0,NA,838.8
"RWA","L02","iGeYWScB9G8","1",256,600,183.118741058655,0,NA,838.8
"RWA","L02","LZ29vrnear2","1",NA,NA,NA,0,NA,838.8
"RWA","L02","mhGSC5qMs53","1",104,600,74.3919885550787,0,NA,838.8
"RWA","L02","Mq9anduKdR9","1",24,600,17.1673819742489,0,NA,838.8
"RWA","L02","MxhdeDaZTa9","1",192,600,137.339055793991,0,NA,838.8
"RWA","L02","nkB43h7a3u6","1",NA,NA,NA,0,NA,838.8
"RWA","L02","sqHntKPZfk6","1",364,600,260.371959942775,0,NA,838.8
"RWA","L02","t8pSXYMtCP","1",156,600,111.587982832618,0,NA,838.8
"RWA","L02","tdcaU4K6FA3","1",180,600,128.755364806867,0,NA,838.8
"RWA","L02","TSZ8yp6UEy4","1",NA,NA,NA,0,NA,838.8
"RWA","L02","U4AbXpgwpoA","1",220,600,157.367668097282,0,NA,838.8
"RWA","L02","Urb5aXE3gA2","1",312,600,223.175965665236,0,NA,838.8
"RWA","L02","VDYfVRu3Q44","1",468,600,334.763948497854,0,NA,838.8
"RWA","L02","voQqwNL5SR4","1",48,600,34.3347639484979,0,NA,838.8
"RWA","L02","WuExMq5R6A9","1",364,600,260.371959942775,0,NA,838.8
"RWA","L02","xAHNqyKKrL4","1",72,600,51.5021459227468,0,NA,838.8
"RWA","L02","XrphaE61Jh6","1",56,600,40.0572246065808,0,NA,838.8
"RWA","L02","y5bMEWTbk12","1",NA,NA,NA,0,NA,838.8
"RWA","L02","z7c7QHaTTe7","1",72,600,51.5021459227468,0,NA,838.8
"RWA","L02","zxz5fHgxQr4","1",72,600,51.5021459227468,0,NA,838.8
"RWA","L03","1aHi48GS6A5","1",208,600,148.783977110157,0,NA,838.8
"RWA","L03","1m6QKguDbp4","1",116,600,82.9756795422032,0,NA,838.8
"RWA","L03","29hZgxCQpf4","1",12,600,8.58369098712446,0,NA,838.8
"RWA","L03","2tfKupRSSR9","1",208,600,148.783977110157,0,NA,838.8
"RWA","L03","5s4t5icCN2","1",364,600,260.371959942775,0,NA,838.8
"RWA","L03","B8yvkFk2DJ5","1",312,600,223.175965665236,0,NA,838.8
"RWA","L03","bsDhjVrvZ8B","1",156,600,111.587982832618,0,NA,838.8
"RWA","L03","DRwp2xk3gPB","1",260,600,185.979971387697,0,NA,838.8
"RWA","L03","DybB4C7m1V6","1",156,600,111.587982832618,0,NA,838.8
"RWA","L03","eSXVTUZDKD3","1",624,600,446.351931330472,0,NA,838.8
"RWA","L03","EXzXQD4FSm3","1",260,600,185.979971387697,0,NA,838.8
"RWA","L03","fL32p1TYNb8","1",64,600,45.7796852646638,0,NA,838.8
"RWA","L03","J2FX8wXV8S9","1",416,600,297.567954220315,0,NA,838.8
"RWA","L03","kwtgXoW7Ei8","1",416,600,297.567954220315,0,NA,838.8
"RWA","L03","oSahYBywkW2","1",240,600,171.673819742489,0,NA,838.8
"RWA","L03","rP7DxqhNrW3","1",312,600,223.175965665236,0,NA,838.8
"RWA","L03","rQmTKtJ2h92","1",164,600,117.310443490701,0,NA,838.8
"RWA","L03","rYhbEL7oXj9","1",556,600,397.711015736767,0,NA,838.8
"RWA","L03","s754vJkGDg2","1",156,600,111.587982832618,0,NA,838.8
"RWA","L03","SS7UVs5jxa4","1",192,600,137.339055793991,77.4916547448736,1,838.8
"RWA","L03","tmtcp1ke5eB","1",216,600,154.50643776824,0,NA,838.8
"RWA","L03","Tt5k1X1aefA","1",208,600,148.783977110157,0,NA,838.8
"RWA","L03","TY6c2BvPeq8","1",312,600,223.175965665236,0,NA,838.8
"RWA","L03","UVBzkFMeZz9","1",260,600,185.979971387697,0,NA,838.8
"RWA","L03","V6SdSqrYbJ7","1",104,600,74.3919885550787,0,NA,838.8
"RWA","L03","Vh74sMy7UM8","1",308,600,220.314735336195,0,NA,838.8
"RWA","L03","vvZZdLufJK3","1",364,600,260.371959942775,0,NA,838.8
"RWA","L03","x7bE3Pdy8h5","1",572,600,409.155937052933,0,NA,838.8
"RWA","L03","ydvLLQUM1wA","1",116,600,82.9756795422032,0,NA,838.8
"RWA","L03","YfvDPbb5H85","1",416,600,297.567954220315,0,NA,838.8
"RWA","L04","5AjH6QaGU24","1",64,600,45.7796852646638,0,NA,838.8
"RWA","L04","6vh1fcZWV2A","1",156,600,111.587982832618,0,NA,838.8
"RWA","L04","6VtbLtrb1D3","1",312,600,223.175965665236,0,NA,838.8
"RWA","L04","AVbrhtAbDP5","1",100,600,71.5307582260372,0,NA,838.8
"RWA","L04","bdXeZG9z586","1",360,600,257.510729613734,0,NA,838.8
"RWA","L04","cuVuG6WmhC5","1",208,600,148.783977110157,0,NA,838.8
"RWA","L04","EJpjhf8ixG7","1",208,600,148.783977110157,0,NA,838.8
"RWA","L04","fzVneyP9Mg7","1",192,600,137.339055793991,0,1,838.8
"RWA","L04","GJymWVjaQVB","1",52,600,37.1959942775393,0,NA,838.8
"RWA","L04","gtdvY5R76A5","1",624,600,446.351931330472,0,NA,838.8
"RWA","L04","hXCHXcG2W46","1",312,600,223.175965665236,0,NA,838.8
"RWA","L04","io6UuTdM1Q3","1",364,600,260.371959942775,0,NA,838.8
"RWA","L04","iRtxUHTRGi2","1",312,600,223.175965665236,0,NA,838.8
"RWA","L04","iV8EbG17vX2","1",144,600,103.004291845494,0,NA,838.8
"RWA","L04","jDuNCdZs246","1",312,600,223.175965665236,0,NA,838.8
"RWA","L04","jHTSofjuPJ7","1",260,600,185.979971387697,0,NA,838.8
"RWA","L04","JM2DWViH8L8","1",324,600,231.759656652361,0,NA,838.8
"RWA","L04","jT3NCQFGuW8","1",192,600,137.339055793991,0,NA,838.8
"RWA","L04","M8qxpz4tTs2","1",424,600,303.290414878398,0,NA,838.8
"RWA","L04","nUikVE2njA5","1",216,600,154.50643776824,0,NA,838.8
"RWA","L04","rkEPTagLmF8","1",116,600,82.9756795422032,0,NA,838.8
"RWA","L04","seXpFZmj3a","1",376,600,268.9556509299,0,NA,838.8
"RWA","L04","tzDJcn6PLMB","1",168,600,120.171673819742,0,NA,838.8
"RWA","L04","wr5wPxGTis","1",104,600,74.3919885550787,0,NA,838.8
"RWA","L04","Xcq8cPDrtJA","1",312,600,223.175965665236,0,NA,838.8
"RWA","L04","xcxoHDFasQA","1",104,600,74.3919885550787,0,NA,838.8
"RWA","L04","xRKbT2uWYL4","1",364,600,260.371959942775,0,NA,838.8
"RWA","L04","yCPYya5PZfA","1",72,600,51.5021459227468,0,NA,838.8
"RWA","L04","YDokUMGBos2","1",NA,NA,NA,0,NA,838.8
"RWA","L04","YR25C1AKLBA","1",728,600,520.743919885551,0,NA,838.8
"RWA","L06","3hzQ4hJNWpA","1",104,600,74.3919885550787,0,NA,838.8
"RWA","L06","3hzQ4hJNWpA","2",208,600,148.783977110157,0,NA,838.8
"RWA","L06","5DkfDPaXxW6","1",260,600,185.979971387697,0,NA,838.8
"RWA","L06","5DkfDPaXxW6","2",720,600,515.021459227468,0,NA,838.8
"RWA","L06","ACtMM9ksKX9","1",260,600,185.979971387697,4.76871721506915,0,838.8
"RWA","L06","ACtMM9ksKX9","2",520,600,371.959942775393,0,NA,838.8
"RWA","L06","AvkkCXoYrg8","1",108,600,77.2532188841202,0,NA,838.8
"RWA","L06","AvkkCXoYrg8","2",208,600,148.783977110157,0,NA,838.8
"RWA","L06","BrVjLcZwqr3","1",312,600,223.175965665236,0,NA,838.8
"RWA","L06","BrVjLcZwqr3","2",312,600,223.175965665236,0,NA,838.8
"RWA","L06","c2cooWnTEh2","1",156,600,111.587982832618,0,NA,838.8
"RWA","L06","c2cooWnTEh2","2",208,600,148.783977110157,0,NA,838.8
"RWA","L06","CGeuGzTDPV5","1",312,600,223.175965665236,0,NA,838.8
"RWA","L06","CGeuGzTDPV5","2",260,600,185.979971387697,0,NA,838.8
"RWA","L06","dVN9QRTY6b4","1",104,600,74.3919885550787,0,NA,838.8
"RWA","L06","dVN9QRTY6b4","2",156,600,111.587982832618,0,NA,838.8
"RWA","L06","e3YsHqYkYK6","1",208,600,148.783977110157,0,NA,838.8
"RWA","L06","e3YsHqYkYK6","2",364,600,260.371959942775,0,NA,838.8
"RWA","L06","fiLpRcMBzoA","1",104,600,74.3919885550787,0,NA,838.8
"RWA","L06","fiLpRcMBzoA","2",312,600,223.175965665236,0,NA,838.8
"RWA","L06","H4YdiXt5cz3","1",312,600,223.175965665236,0,NA,838.8
"RWA","L06","H4YdiXt5cz3","2",780,600,557.93991416309,0,NA,838.8
"RWA","L06","HbRbhAKMLv3","1",52,600,37.1959942775393,0,NA,838.8
"RWA","L06","HbRbhAKMLv3","2",208,600,148.783977110157,0,NA,838.8
"RWA","L06","jQRmJu3n453","1",52,600,37.1959942775393,61.9933237958989,1,838.8
"RWA","L06","jQRmJu3n453","2",156,600,111.587982832618,0,NA,838.8
"RWA","L06","JYjBoTCdte4","1",104,600,74.3919885550787,0,NA,838.8
"RWA","L06","JYjBoTCdte4","2",104,600,74.3919885550787,0,NA,838.8
"RWA","L06","kKLu4qgLM62","1",52,600,37.1959942775393,0,NA,838.8
"RWA","L06","kKLu4qgLM62","2",572,600,409.155937052933,0,NA,838.8
"RWA","L06","kxErk1sYmQB","1",164,600,117.310443490701,0,NA,838.8
"RWA","L06","kxErk1sYmQB","2",NA,NA,NA,0,NA,838.8
"RWA","L06","Lka6n6s87G","1",156,600,111.587982832618,0,NA,838.8
"RWA","L06","Lka6n6s87G","2",104,600,74.3919885550787,0,NA,838.8
"RWA","L06","nny1kAHD1A6","1",156,600,111.587982832618,0,1,838.8
"RWA","L06","nny1kAHD1A6","2",208,600,148.783977110157,0,NA,838.8
"RWA","L06","NpBRQomLNX3","1",36,600,25.7510729613734,0,NA,838.8
"RWA","L06","NpBRQomLNX3","2",104,600,74.3919885550787,0,NA,838.8
"RWA","L06","NpVRwZSF9A9","1",232,600,165.951359084406,0,NA,838.8
"RWA","L06","NpVRwZSF9A9","2",104,600,74.3919885550787,0,NA,838.8
"RWA","L06","PGN47oqwcT6","1",104,600,74.3919885550787,0,NA,838.8
"RWA","L06","PGN47oqwcT6","2",104,600,74.3919885550787,0,NA,838.8
"RWA","L06","pYrS9Lnoio5","1",104,600,74.3919885550787,0,NA,838.8
"RWA","L06","pYrS9Lnoio5","2",208,600,148.783977110157,0,NA,838.8
"RWA","L06","QLDaeeq1A6A","1",520,600,371.959942775393,0,NA,838.8
"RWA","L06","QLDaeeq1A6A","2",312,600,223.175965665236,0,NA,838.8
"RWA","L06","R5nJaf2Sop9","1",104,600,74.3919885550787,0,NA,838.8
"RWA","L06","R5nJaf2Sop9","2",260,600,185.979971387697,0,NA,838.8
"RWA","L06","R9DTr4peJNA","1",116,600,82.9756795422032,0,NA,838.8
"RWA","L06","R9DTr4peJNA","2",156,600,111.587982832618,0,NA,838.8
"RWA","L06","to8Gc5JzaT7","1",312,600,223.175965665236,1.19217930376729,0,838.8
"RWA","L06","to8Gc5JzaT7","2",676,600,483.547925608011,0,NA,838.8
"RWA","L06","vdieyWj8obA","1",260,600,185.979971387697,0,NA,838.8
"RWA","L06","vdieyWj8obA","2",228,600,163.090128755365,0,NA,838.8
"RWA","L06","XZQvXo5qT34","1",116,600,82.9756795422032,0,NA,838.8
"RWA","L06","XZQvXo5qT34","2",104,600,74.3919885550787,0,NA,838.8
"RWA","L06","yaHQ7ni6ar4","1",364,600,260.371959942775,0,NA,838.8
"RWA","L06","yaHQ7ni6ar4","2",208,600,148.783977110157,0,NA,838.8
"RWA","L06","YVG8nKF7bC4","1",156,600,111.587982832618,0,NA,838.8
"RWA","L06","YVG8nKF7bC4","2",312,600,223.175965665236,0,NA,838.8
"RWA","L07","1tDK7dEA7q4","1",208,600,148.783977110157,0,NA,838.8
"RWA","L07","3aT11RTk4H8","1",208,600,148.783977110157,0,NA,838.8
"RWA","L07","5FTsNB6cw66","1",208,600,148.783977110157,0,NA,838.8
"RWA","L07","8LgQmjxaed7","1",208,600,148.783977110157,0,NA,838.8
"RWA","L07","8QSNRiJbU45","1",208,600,148.783977110157,0,NA,838.8
"RWA","L07","8rMnuSjsKfA","1",208,600,148.783977110157,0,NA,838.8
"RWA","L07","9s7aPD8ZRh7","1",272,600,194.563662374821,0,NA,838.8
"RWA","L07","9yvw1XWDNpA","1",364,600,260.371959942775,0,NA,838.8
"RWA","L07","ah2mXHfB7w4","1",468,600,334.763948497854,0,NA,838.8
"RWA","L07","C3b2zHKsNU3","1",520,600,371.959942775393,0,NA,838.8
"RWA","L07","C56aeDFWPa7","1",52,600,37.1959942775393,0,NA,838.8
"RWA","L07","CnrK9APvaT4","1",52,600,37.1959942775393,0,NA,838.8
"RWA","L07","cQsxahQ8sm8","1",52,600,37.1959942775393,0,NA,838.8
"RWA","L07","EhXFcHgzLr8","1",208,600,148.783977110157,0,NA,838.8
"RWA","L07","j3meptUjcsA","1",364,600,260.371959942775,0,NA,838.8
"RWA","L07","Kg7uwpdD4P5","1",260,600,185.979971387697,0,NA,838.8
"RWA","L07","mE3oDzqBqu4","1",428,600,306.151645207439,0,NA,838.8
"RWA","L07","MScBRdzkSi4","1",364,600,260.371959942775,0,NA,838.8
"RWA","L07","nkZFomM6JN2","1",280,600,200.286123032904,0,NA,838.8
"RWA","L07","NqznyHy6N16","1",324,600,231.759656652361,0,NA,838.8
"RWA","L07","ob6Go1epkY4","1",52,600,37.1959942775393,0,NA,838.8
"RWA","L07","sohyYFGAMr9","1",260,600,185.979971387697,0,NA,838.8
"RWA","L07","tU6yMt3dHA3","1",312,600,223.175965665236,0,NA,838.8
"RWA","L07","tuxCwfbZQN9","1",260,600,185.979971387697,0,NA,838.8
"RWA","L07","TYoYR9fk5v3","1",416,600,297.567954220315,0,NA,838.8
"RWA","L07","vC1xGx4WFW","1",312,600,223.175965665236,0,NA,838.8
"RWA","L07","Wj18gYU55E5","1",520,600,371.959942775393,0,NA,838.8
"RWA","L07","WVpeXYVGNq8","1",312,600,223.175965665236,0,NA,838.8
"RWA","L07","yyXhtLq72C2","1",312,600,223.175965665236,0,NA,838.8
"RWA","L07","zywmeprmCJ6","1",208,600,148.783977110157,0,NA,838.8
"TZA","L03","41YTq8opiW8","1",52,1833.3335,42.6356627906977,0,1,2236
"TZA","L03","5R7zjWiS4o","1",156,1833.3335,127.906988372093,0,NA,2236
"TZA","L03","8RDtceCXmi7","1",208,1833.3335,170.542651162791,0,NA,2236
"TZA","L03","9WWgnSHHAA6","1",988,1833.3335,810.077593023256,0,NA,2236
"TZA","L03","dFX9VzkXhCA","1",312,1833.3335,255.813976744186,0,NA,2236
"TZA","L03","e7KZhetzbx","1",156,1833.3335,127.906988372093,0,NA,2236
"TZA","L03","Goj6tydZtp2","1",104,1833.3335,85.2713255813954,0,1,2236
"TZA","L03","hfEUg9n1AW4","1",52,1833.3335,42.6356627906977,0,1,2236
"TZA","L03","hwqvpwm7Wz7","1",52,1833.3335,42.6356627906977,0,NA,2236
"TZA","L03","j18hwWBcwh5","1",52,1833.3335,42.6356627906977,17.8890876565295,1,2236
"TZA","L03","JdnGCqPhcWB","1",104,1833.3335,85.2713255813954,0,NA,2236
"TZA","L03","kjuUHkF5wTB","1",104,1833.3335,85.2713255813954,34.8837209302326,1,2236
"TZA","L03","KkYJfxvuWf6","1",156,1833.3335,127.906988372093,17.8890876565295,1,2236
"TZA","L03","KyapRja3Pi6","1",104,1833.3335,85.2713255813954,12.5223613595707,1,2236
"TZA","L03","KYf3aU1imH5","1",116,1833.3335,95.110324686941,0,NA,2236
"TZA","L03","McAcYh2ZV69","1",572,1833.3335,468.992290697674,0,NA,2236
"TZA","L03","MLdLHWK2Qr","1",728,1833.3335,596.899279069767,0,NA,2236
"TZA","L03","N5cedWi9F35","1",208,1833.3335,170.542651162791,0,NA,2236
"TZA","L03","NNkYVQpfzGB","1",52,1833.3335,42.6356627906977,0,1,2236
"TZA","L03","Nt5ok1nPNM7","1",208,1833.3335,170.542651162791,0,NA,2236
"TZA","L03","onVKoJG2AfA","1",104,1833.3335,85.2713255813954,0,1,2236
"TZA","L03","rai72yodTZ7","1",104,1833.3335,85.2713255813954,0,1,2236
"TZA","L03","utcTs5LcPQ7","1",312,1833.3335,255.813976744186,0,NA,2236
"TZA","L03","vCAfAwy9KTA","1",104,1833.3335,85.2713255813954,0,1,2236
"TZA","L03","x3YWH9QUug","1",156,1833.3335,127.906988372093,0,1,2236
"TZA","L03","XaYWTVN67N4","1",104,1833.3335,85.2713255813954,0,1,2236
"TZA","L03","yLS96zjnvX6","1",104,1833.3335,85.2713255813954,0,NA,2236
"TZA","L03","ZaEAz3d3Dr6","1",260,1833.3335,213.178313953488,0,1,2236
"TZA","L03","ZAZu9eYNzaA","1",156,1833.3335,127.906988372093,0,NA,2236
"TZA","L03","znifEwvA5C4","1",104,1833.3335,85.2713255813954,0,NA,2236
"TZA","L10","2GJh9RvP6U3","1",104,1833.3335,85.2713255813954,0,NA,2236
"TZA","L10","6gioKTgu1a9","1",312,1833.3335,255.813976744186,0,0.5,2236
"TZA","L10","7NvFkzHDPpA","1",52,1833.3335,42.6356627906977,0,1,2236
"TZA","L10","9ES5SSTauT6","1",108,1833.3335,88.5509919499105,0,0,2236
"TZA","L10","bbQXrXaEo96","1",156,1833.3335,127.906988372093,0,NA,2236
"TZA","L10","Br9y98ZGdk8","1",52,1833.3335,42.6356627906977,107.334525939177,1,2236
"TZA","L10","dtBzhqj3kQA","1",416,1833.3335,341.085302325581,0,1,2236
"TZA","L10","g2ZqebmF5z8","1",156,1833.3335,127.906988372093,0,NA,2236
"TZA","L10","Gc14tmsJ7A3","1",104,1833.3335,85.2713255813954,0,NA,2236
"TZA","L10","gULVGjZq1b6","1",52,1833.3335,42.6356627906977,0,NA,2236
"TZA","L10","j5dyUZUjo25","1",16,1833.3335,13.1186654740608,0,0,2236
"TZA","L10","KqZvf5fBTQ7","1",52,1833.3335,42.6356627906977,0,NA,2236
"TZA","L10","kRcrpHwnrk4","1",52,1833.3335,42.6356627906977,0,NA,2236
"TZA","L10","LmNxHx7ukq2","1",52,1833.3335,42.6356627906977,0,NA,2236
"TZA","L10","LwsCZHjGPqA","1",156,1833.3335,127.906988372093,53.6672629695885,1,2236
"TZA","L10","mWbvKsGPM14","1",12,1833.3335,9.83899910554562,0,1,2236
"TZA","L10","N1YUZvnVaG5","1",104,1833.3335,85.2713255813954,0,NA,2236
"TZA","L10","nZ3uwA7syq7","1",156,1833.3335,127.906988372093,0,1,2236
"TZA","L10","p5n6hjGyeL","1",208,1833.3335,170.542651162791,0,1,2236
"TZA","L10","PZ5Q2bVsEX8","1",104,1833.3335,85.2713255813954,0,0,2236
"TZA","L10","qBummgzDBd8","1",156,1833.3335,127.906988372093,0,NA,2236
"TZA","L10","qP3BigSRj28","1",104,1833.3335,85.2713255813954,0,1,2236
"TZA","L10","Rmvq4s33Ev8","1",260,1833.3335,213.178313953488,0,NA,2236
"TZA","L10","SGWnjCX1hJ3","1",156,1833.3335,127.906988372093,17.8890876565295,1,2236
"TZA","L10","SUdaBvN6yMB","1",208,1833.3335,170.542651162791,0,NA,2236
"TZA","L10","VpdWTmuL8k8","1",104,1833.3335,85.2713255813954,0,NA,2236
"TZA","L10","wXNS3oTZiX8","1",676,1833.3335,554.26361627907,0,NA,2236
"TZA","L10","yPna76R7KH6","1",104,1833.3335,85.2713255813954,0,1,2236
"TZA","L10","ZAXs3MY83J","1",468,1833.3335,383.720965116279,0,1,2236
"TZA","L10","ZRuCufE5rt9","1",104,1833.3335,85.2713255813954,135.957066189624,1,2236
"TZA","L11","17tw28pAwD3","1",104,1833.3335,85.2713255813954,0,1,2236
"TZA","L11","2JxppdNdy1B","1",52,1833.3335,42.6356627906977,0,NA,2236
"TZA","L11","2tw7sF6jPB4","1",60,1833.3335,49.1949955277281,8.94454382826476,1,2236
"TZA","L11","3bdaYKw2CU5","1",24,1833.3335,19.6779982110912,0,NA,2236
"TZA","L11","51brKTHzvAB","1",104,1833.3335,85.2713255813954,0,NA,2236
"TZA","L11","8bfdq81qVM8","1",156,1833.3335,127.906988372093,5.36672629695885,1,2236
"TZA","L11","BXfxdbawNd8","1",52,1833.3335,42.6356627906977,0,NA,2236
"TZA","L11","ckvwCyqWX59","1",52,1833.3335,42.6356627906977,0,NA,2236
"TZA","L11","CnNmmWuhuE4","1",104,1833.3335,85.2713255813954,0,NA,2236
"TZA","L11","eBi2TWWBfPA","1",104,1833.3335,85.2713255813954,0,NA,2236
"TZA","L11","ERzfUDJvVr5","1",104,1833.3335,85.2713255813954,0,1,2236
"TZA","L11","fMF9APviXm9","1",52,1833.3335,42.6356627906977,0,NA,2236
"TZA","L11","gUGmee9jeJA","1",52,1833.3335,42.6356627906977,0,NA,2236
"TZA","L11","i6gRP4KTv4B","1",156,1833.3335,127.906988372093,0,NA,2236
"TZA","L11","JADsmRVzNUA","1",104,1833.3335,85.2713255813954,0,NA,2236
"TZA","L11","kqzsJGqsJH5","1",156,1833.3335,127.906988372093,0,1,2236
"TZA","L11","ktUuHHCU1Q5","1",52,1833.3335,42.6356627906977,0,NA,2236
"TZA","L11","nEEs7UdXKf6","1",104,1833.3335,85.2713255813954,0,NA,2236
"TZA","L11","piP7A67YkU7","1",52,1833.3335,42.6356627906977,0,NA,2236
"TZA","L11","QuoaS1YaSX9","1",156,1833.3335,127.906988372093,8.94454382826476,1,2236
"TZA","L11","RnWd36XhwD2","1",260,1833.3335,213.178313953488,0,NA,2236
"TZA","L11","SqBCN18ii19","1",NA,NA,NA,0,NA,2236
"TZA","L11","sqDAomp7sVA","1",104,1833.3335,85.2713255813954,0,1,2236
"TZA","L11","UGrmX3B1xb7","1",104,1833.3335,85.2713255813954,0,1,2236
"TZA","L11","VTttxxMVpA7","1",208,1833.3335,170.542651162791,0,NA,2236
"TZA","L11","WvS53Ci87D3","1",52,1833.3335,42.6356627906977,0,1,2236
"TZA","L11","xcn3a9uEQZB","1",52,1833.3335,42.6356627906977,0,NA,2236
"TZA","L11","Xwug52WXRu6","1",52,1833.3335,42.6356627906977,0,NA,2236
"TZA","L11","ywS4MJJe4cB","1",48,1833.3335,39.3559964221825,0,NA,2236
"TZA","L11","ZC9BxGQiLT8","1",156,1833.3335,127.906988372093,0,1,2236
"TZA","L18","1U2KYPp4RE4","1",416,1833.3335,341.085302325581,0,1,2236
"TZA","L18","2zFRVcySNg6","1",260,1833.3335,213.178313953488,0,1,2236
"TZA","L18","5xjULrvkzz3","1",52,1833.3335,42.6356627906977,0,1,2236
"TZA","L18","6NYkNXf4fW6","1",104,1833.3335,85.2713255813954,53.6672629695885,1,2236
"TZA","L18","6s9v6agXWi3","1",156,1833.3335,127.906988372093,35.778175313059,1,2236
"TZA","L18","7GEs4txMBL9","1",416,1833.3335,341.085302325581,32.2003577817531,0,2236
"TZA","L18","9921bP6EeY4","1",104,1833.3335,85.2713255813954,8.94454382826476,1,2236
"TZA","L18","AcecNqxEnz4","1",156,1833.3335,127.906988372093,0,NA,2236
"TZA","L18","ayZb55CgmK4","1",364,1833.3335,298.449639534884,0,NA,2236
"TZA","L18","dyd2EZBuR66","1",52,1833.3335,42.6356627906977,241.502683363148,1,2236
"TZA","L18","fKYGZhSCHi5","1",104,1833.3335,85.2713255813954,0,1,2236
"TZA","L18","GZButysJgS4","1",312,1833.3335,255.813976744186,0,NA,2236
"TZA","L18","HGnHsWKAkp3","1",780,1833.3335,639.534941860465,0,1,2236
"TZA","L18","HWkzcSXQNG2","1",104,1833.3335,85.2713255813954,53.6672629695885,0,2236
"TZA","L18","JsmhauRP8E9","1",260,1833.3335,213.178313953488,0,NA,2236
"TZA","L18","KWsyirYykp","1",104,1833.3335,85.2713255813954,0,1,2236
"TZA","L18","MmsqX496Yo9","1",104,1833.3335,85.2713255813954,26.8336314847943,1,2236
"TZA","L18","oDSCEcXBzq3","1",104,1833.3335,85.2713255813954,52.7728085867621,1,2236
"TZA","L18","onwJq3WmHg2","1",52,1833.3335,42.6356627906977,0,NA,2236
"TZA","L18","sApJeip8V38","1",312,1833.3335,255.813976744186,17.8890876565295,1,2236
"TZA","L18","TbNKmfWhji9","1",52,1833.3335,42.6356627906977,0,NA,2236
"TZA","L18","tWqyJcJmuN5","1",572,1833.3335,468.992290697674,0,1,2236
"TZA","L18","UDim1j4z9K9","1",104,1833.3335,85.2713255813954,21.4669051878354,1,2236
"TZA","L18","udWPUwFP172","1",156,1833.3335,127.906988372093,0,NA,2236
"TZA","L18","v2cqtKhhmEB","1",104,1833.3335,85.2713255813954,0,NA,2236
"TZA","L18","VhjsvzpdVX8","1",220,1833.3335,180.381650268336,295.169946332737,1,2236
"TZA","L18","vvfZmP19Kx","1",192,1833.3335,157.42398568873,0,1,2236
"TZA","L18","xkrLWnDGpw7","1",104,1833.3335,85.2713255813954,0,NA,2236
"TZA","L18","yhsx6xFzAD","1",364,1833.3335,298.449639534884,581.395348837209,1,2236
"TZA","L18","ZSL3mumZ4X8","1",52,1833.3335,42.6356627906977,0,NA,2236
"TZA","L19","4FP6ukTTsQ8","1",104,1833.3335,85.2713255813954,0,NA,2236
"TZA","L19","4LtjetWmyU6","1",260,1833.3335,213.178313953488,0,NA,2236
"TZA","L19","6auvr3dPvX4","1",52,1833.3335,42.6356627906977,8.94454382826476,1,2236
"TZA","L19","a77UhCZgDh2","1",624,1833.3335,511.627953488372,0,1,2236
"TZA","L19","aFuKnt435e8","1",104,1833.3335,85.2713255813954,0,NA,2236
"TZA","L19","aNYTfhJUuk9","1",52,1833.3335,42.6356627906977,0,NA,2236
"TZA","L19","B7g3YrTCTUB","1",104,1833.3335,85.2713255813954,0,NA,2236
"TZA","L19","BcLx8GwEyf5","1",156,1833.3335,127.906988372093,0,NA,2236
"TZA","L19","fUSEvjoZCe","1",624,1833.3335,511.627953488372,0,NA,2236
"TZA","L19","gpPmZSQZXY5","1",52,1833.3335,42.6356627906977,0,NA,2236
"TZA","L19","GV2SBh2drm7","1",156,1833.3335,127.906988372093,8.94454382826476,1,2236
"TZA","L19","jiVQaMk2ZR","1",104,1833.3335,85.2713255813954,0,NA,2236
"TZA","L19","kDWcVHqaaf2","1",624,1833.3335,511.627953488372,0,NA,2236
"TZA","L19","KeAxwek3yC4","1",52,1833.3335,42.6356627906977,0,NA,2236
"TZA","L19","m2R4hghXWD6","1",56,1833.3335,45.9153291592129,0,NA,2236
"TZA","L19","Mf1iaj3mXF6","1",52,1833.3335,42.6356627906977,0,NA,2236
"TZA","L19","MqCGGaKzuz2","1",104,1833.3335,85.2713255813954,0,NA,2236
"TZA","L19","mUFTDYR9Aj","1",104,1833.3335,85.2713255813954,14.3112701252236,1,2236
"TZA","L19","NnrfSQy1dmA","1",208,1833.3335,170.542651162791,0,NA,2236
"TZA","L19","pcKda2i8vd5","1",104,1833.3335,85.2713255813954,0,NA,2236
"TZA","L19","PnQa2dKYkK6","1",104,1833.3335,85.2713255813954,19.6779964221825,1,2236
"TZA","L19","QnVf7PaErv","1",104,1833.3335,85.2713255813954,0,NA,2236
"TZA","L19","sAJq9uruKa3","1",208,1833.3335,170.542651162791,17.8890876565295,1,2236
"TZA","L19","teFJypg3MU7","1",572,1833.3335,468.992290697674,0,NA,2236
"TZA","L19","W5cRAyZKiP3","1",156,1833.3335,127.906988372093,0,NA,2236
"TZA","L19","XDQ9iJinQy9","1",104,1833.3335,85.2713255813954,17.8890876565295,1,2236
"TZA","L19","yzbJgVuQFv2","1",416,1833.3335,341.085302325581,697.674418604651,1,2236
"TZA","L19","ZBSFxdohGu7","1",52,1833.3335,42.6356627906977,17.8890876565295,1,2236
"TZA","L19","zddQBRJke87","1",260,1833.3335,213.178313953488,0,NA,2236
"TZA","L19","ziHZfbph8gA","1",312,1833.3335,255.813976744186,0,NA,2236
"TZA","L20","1AHvfwxYcT6","1",312,1833.3335,255.813976744186,0,NA,2236
"TZA","L20","65WUiskq7g6","1",156,1833.3335,127.906988372093,3.5778175313059,1,2236
"TZA","L20","ciQdXdUfHV6","1",156,1833.3335,127.906988372093,0,NA,2236
"TZA","L20","EhEwHyqcgE7","1",104,1833.3335,85.2713255813954,0,NA,2236
"TZA","L20","EnufChhcvN6","1",104,1833.3335,85.2713255813954,0,NA,2236
"TZA","L20","G8pqkT9RvZB","1",32,1833.3335,26.2373309481216,0,NA,2236
"TZA","L20","HPHgA99tPJA","1",48,1833.3335,39.3559964221825,0,1,2236
"TZA","L20","iRjEJTUQTW4","1",208,1833.3335,170.542651162791,0,NA,2236
"TZA","L20","JbsDyyJEsp2","1",24,1833.3335,19.6779982110912,8.94454382826476,1,2236
"TZA","L20","mdqRMX9AQF6","1",52,1833.3335,42.6356627906977,0,NA,2236
"TZA","L20","mZbBzdZE8P5","1",NA,NA,NA,0,NA,2236
"TZA","L20","pAiSMicbJb9","1",116,1833.3335,95.110324686941,17.8890876565295,1,2236
"TZA","L20","PrddN7Eh7v3","1",312,1833.3335,255.813976744186,0,NA,2236
"TZA","L20","PuLRmEWBe78","1",156,1833.3335,127.906988372093,0,NA,2236
"TZA","L20","pxqThuNPrG","1",416,1833.3335,341.085302325581,0,NA,2236
"TZA","L20","QokjJw6sDKB","1",624,1833.3335,511.627953488372,0,1,2236
"TZA","L20","Qrakmh9TAb7","1",4,1833.3335,3.27966636851521,0,NA,2236
"TZA","L20","QVFH5ibEfX","1",624,1833.3335,511.627953488372,0,NA,2236
"TZA","L20","RbeUER44T9B","1",72,1833.3335,59.0339946332737,0,NA,2236
"TZA","L20","tQBVYhTSUx5","1",52,1833.3335,42.6356627906977,0,NA,2236
"TZA","L20","TzXCuVJ5tP5","1",76,1833.3335,62.3136610017889,0,1,2236
"TZA","L20","uDCakBEm7VB","1",1352,1833.3335,1108.52723255814,0,NA,2236
"TZA","L20","uz81YWocVs7","1",NA,NA,NA,0,NA,2236
"TZA","L20","Vuke4bM37hA","1",156,1833.3335,127.906988372093,0,NA,2236
"TZA","L20","VxhDa2qgmM7","1",52,1833.3335,42.6356627906977,0,NA,2236
"TZA","L20","wtdrsEsEBX2","1",260,1833.3335,213.178313953488,0,NA,2236
"TZA","L20","yE1Xsrhzmk8","1",104,1833.3335,85.2713255813954,0,NA,2236
"TZA","L20","ZbDwCBkG2A5","1",428,1833.3335,350.924301431127,0,NA,2236
"TZA","L20","ZeurtKQcW93","1",52,1833.3335,42.6356627906977,0,NA,2236
"TZA","L20","zRYovaahru9","1",104,1833.3335,85.2713255813954,0,1,2236
"TZA","L22","2tg6ar7zuS5","1",156,1833.3335,127.906988372093,14.3112701252236,1,2236
"TZA","L22","4NfJeixyr6A","1",52,1833.3335,42.6356627906977,0,NA,2236
"TZA","L22","5oGmpb8QJLA","1",108,1833.3335,88.5509919499105,0,1,2236
"TZA","L22","6vK31iR7nAA","1",52,1833.3335,42.6356627906977,0,1,2236
"TZA","L22","73M3dsnzvJ7","1",260,1833.3335,213.178313953488,69.7674418604651,1,2236
"TZA","L22","84Tt3igkks","1",104,1833.3335,85.2713255813954,0,1,2236
"TZA","L22","8pbKc5jDHS6","1",52,1833.3335,42.6356627906977,44.7227191413238,1,2236
"TZA","L22","9uri5wypzL4","1",52,1833.3335,42.6356627906977,0,1,2236
"TZA","L22","A4HX8ZvF3a8","1",104,1833.3335,85.2713255813954,0,1,2236
"TZA","L22","An4VyekaKi6","1",208,1833.3335,170.542651162791,3.5778175313059,1,2236
"TZA","L22","BP6YrbuDcL","1",208,1833.3335,170.542651162791,0,1,2236
"TZA","L22","BVUEfqZQ6KA","1",104,1833.3335,85.2713255813954,0,1,2236
"TZA","L22","fss8vTYFEz2","1",52,1833.3335,42.6356627906977,16.1001788908766,1,2236
"TZA","L22","fxSB64jdaSA","1",104,1833.3335,85.2713255813954,0,1,2236
"TZA","L22","i2ZRSY65p48","1",52,1833.3335,42.6356627906977,8.94454382826476,1,2236
"TZA","L22","MG8Mg2FAfw4","1",156,1833.3335,127.906988372093,0,1,2236
"TZA","L22","mzUJUxpe7c4","1",104,1833.3335,85.2713255813954,0,1,2236
"TZA","L22","nD93MDvRgs2","1",52,1833.3335,42.6356627906977,0,1,2236
"TZA","L22","Q6XjbVrPyy9","1",104,1833.3335,85.2713255813954,0,1,2236
"TZA","L22","Qapm2uWHFt5","1",104,1833.3335,85.2713255813954,0,1,2236
"TZA","L22","qKTwmCQoWz5","1",104,1833.3335,85.2713255813954,17.8890876565295,1,2236
"TZA","L22","RfzDYcp8cy2","1",832,1833.3335,682.170604651163,0,1,2236
"TZA","L22","RTnL3zMj6T","1",52,1833.3335,42.6356627906977,35.778175313059,1,2236
"TZA","L22","T5DZd2AUTX7","1",312,1833.3335,255.813976744186,32.2003577817531,0,2236
"TZA","L22","w7mhEiauzv4","1",156,1833.3335,127.906988372093,0,NA,2236
"TZA","L22","WEJAJe36mh4","1",52,1833.3335,42.6356627906977,5.36672629695885,1,2236
"TZA","L22","WjvUqZyb157","1",52,1833.3335,42.6356627906977,0,NA,2236
"TZA","L22","X9YiaEDanB7","1",156,1833.3335,127.906988372093,0,1,2236
"TZA","L22","yku5wXeXnu9","1",468,1833.3335,383.720965116279,0,1,2236
"TZA","L22","Zzj5HfKc4d3","1",104,1833.3335,85.2713255813954,0,1,2236
"UGA","L01","3WbmqA7gbk2","1",260,10000,723.226703755216,405.006954102921,1,3595
"UGA","L01","4YxLyEvHcr2","1",156,10000,433.936022253129,43.3936022253129,1,3595
"UGA","L01","8r9jJ38EDF2","1",208,10000,578.581363004172,607.510431154381,0.666666666666667,3595
"UGA","L01","aANwrQbMsa3","1",156,10000,433.936022253129,1275.10431154381,0.666666666666667,3595
"UGA","L01","CR6uc2DJjF2","1",208,10000,578.581363004172,127.955493741307,1,3595
"UGA","L01","D3dra7efrt6","1",312,10000,867.872044506259,11.1265646731572,1,3595
"UGA","L01","DUyLNfXcu24","1",52,10000,144.645340751043,72.3226703755216,1,3595
"UGA","L01","EQUQxBxxA28","1",104,10000,289.290681502086,2.78164116828929,1,3595
"UGA","L01","F6gmnrrGL93","1",156,10000,433.936022253129,0,NA,3595
"UGA","L01","fqBewDc4e89","1",52,10000,144.645340751043,144.645340751043,1,3595
"UGA","L01","gVnZfUnJ4V","1",64,10000,178.025034770515,564.116828929068,0.666666666666667,3595
"UGA","L01","hyWdWQ552X7","1",156,10000,433.936022253129,72.3226703755216,1,3595
"UGA","L01","kyXkjdQuZSA","1",104,10000,289.290681502086,144.645340751043,1,3595
"UGA","L01","Lsy3YMkKGP2","1",312,10000,867.872044506259,0,NA,3595
"UGA","L01","mSfzhnwYib5","1",52,10000,144.645340751043,607.510431154381,0.5,3595
"UGA","L01","ome4ka94t7","1",104,10000,289.290681502086,144.645340751043,1,3595
"UGA","L01","rR4rphkhyt6","1",156,10000,433.936022253129,512.934631432545,1,3595
"UGA","L01","SqGfB47Y5q3","1",156,10000,433.936022253129,1.11265646731572,0,3595
"UGA","L01","Te4C6DJXQq6","1",468,10000,1301.80806675939,52.8511821974965,1,3595
"UGA","L01","tNWzZ2EiTjA","1",208,10000,578.581363004172,332.350486787204,0.75,3595
"UGA","L01","TTKHU3eLS44","1",364,10000,1012.5173852573,285.952712100139,0.75,3595
"UGA","L01","U7Y9xmtZk89","1",364,10000,1012.5173852573,0,NA,3595
"UGA","L01","vbnCBWJgn15","1",260,10000,723.226703755216,72.3226703755216,1,3595
"UGA","L01","vCMe7iY3tJ","1",52,10000,144.645340751043,11.1265646731572,1,3595
"UGA","L01","VHVUj6zT8c6","1",364,10000,1012.5173852573,13.3518776077886,0,3595
"UGA","L01","vsXLkjJ58x2","1",260,10000,723.226703755216,2.78164116828929,1,3595
"UGA","L01","VyrUWsmH5zA","1",260,10000,723.226703755216,0,NA,3595
"UGA","L01","wEEPeGoe7x7","1",364,10000,1012.5173852573,144.645340751043,1,3595
"UGA","L01","xVFJcnicr68","1",64,10000,178.025034770515,43.3936022253129,1,3595
"UGA","L01","YTTV9E8N5B7","1",312,10000,867.872044506259,240.890125173853,1,3595
"UGA","L02","1Mcd53U8Qb4","1",468,10000,1301.80806675939,33.3796940194715,1,3595
"UGA","L02","1YCu7s1wQ37","1",104,10000,289.290681502086,6.6759388038943,1,3595
"UGA","L02","2TsiWCE9wU3","1",156,10000,433.936022253129,0,NA,3595
"UGA","L02","3csKwZMd8vA","1",416,10000,1157.16272600834,0,NA,3595
"UGA","L02","4GxE5frHnQ4","1",260,10000,723.226703755216,0,NA,3595
"UGA","L02","5xza3zKCC65","1",312,10000,867.872044506259,0,1,3595
"UGA","L02","8jLMpgU7qmA","1",104,10000,289.290681502086,0,NA,3595
"UGA","L02","9P8HkL34az2","1",180,10000,500.695410292072,0,NA,3595
"UGA","L02","B77fdVMrcbB","1",104,10000,289.290681502086,0,NA,3595
"UGA","L02","bUbW5XZNtd3","1",104,10000,289.290681502086,0,NA,3595
"UGA","L02","c8oh3AnL1P","1",96,10000,267.037552155772,0,NA,3595
"UGA","L02","D3k4R1hEUdA","1",312,10000,867.872044506259,0,NA,3595
"UGA","L02","ea6XKQhZyd3","1",280,10000,778.859527121001,0,NA,3595
"UGA","L02","fYfZbzp5Nv8","1",260,10000,723.226703755216,0,NA,3595
"UGA","L02","GuUwLgiijo2","1",208,10000,578.581363004172,0,NA,3595
"UGA","L02","GwMi53segV4","1",52,10000,144.645340751043,0,NA,3595
"UGA","L02","hiJdT15von9","1",132,10000,367.176634214186,0,1,3595
"UGA","L02","HWUQqfGSi37","1",176,10000,489.568845618915,0,NA,3595
"UGA","L02","p7HQJGp7P14","1",208,10000,578.581363004172,144.645340751043,0,3595
"UGA","L02","Q12jo3rceY8","1",104,10000,289.290681502086,0,1,3595
"UGA","L02","QJMME7KeMn","1",208,10000,578.581363004172,0,NA,3595
"UGA","L02","QT4VeJxXHv4","1",152,10000,422.809457579972,0,NA,3595
"UGA","L02","SDoi2yLPd6","1",8,10000,22.2531293463143,0,NA,3595
"UGA","L02","uZWP16YfzT5","1",312,10000,867.872044506259,0,NA,3595
"UGA","L02","V5nBNdt5Wo9","1",52,10000,144.645340751043,0,NA,3595
"UGA","L02","w27bEeu1DR","1",24,10000,66.759388038943,0,NA,3595
"UGA","L02","WMFdhZg7RN5","1",52,10000,144.645340751043,0,NA,3595
"UGA","L02","ypMu1Vkfqo9","1",268,10000,745.47983310153,0,NA,3595
"UGA","L02","Yz9QZdfbFV","1",104,10000,289.290681502086,28.9290681502086,1,3595
"UGA","L02","ZbpM6thc1b2","1",260,10000,723.226703755216,0,NA,3595
"UGA","L03","1DKzT4xkSq9","1",52,10000,144.645340751043,0,1,3595
"UGA","L03","3BWtidtw1gB","1",312,10000,867.872044506259,0,NA,3595
"UGA","L03","3eWkuw2PPtA","1",260,10000,723.226703755216,0,1,3595
"UGA","L03","3f7GFEXbaK","1",312,10000,867.872044506259,0,NA,3595
"UGA","L03","43ozar7mLV6","1",156,10000,433.936022253129,2.22531293463143,1,3595
"UGA","L03","4mjZfGs3Aw","1",580,10000,1613.35187760779,11.1265646731572,1,3595
"UGA","L03","5BM4RJvhSqA","1",520,10000,1446.45340751043,0,NA,3595
"UGA","L03","8WWivGcFUz5","1",272,10000,756.606397774687,0,NA,3595
"UGA","L03","BiwTi7hdY7","1",312,10000,867.872044506259,0,NA,3595
"UGA","L03","CLcgNTsm4y7","1",100,10000,278.164116828929,0,NA,3595
"UGA","L03","fvoTDbKYuW5","1",156,10000,433.936022253129,0,NA,3595
"UGA","L03","h5hVCQ5GHc2","1",416,10000,1157.16272600834,0,NA,3595
"UGA","L03","HLCLDYcEQF2","1",52,10000,144.645340751043,0,NA,3595
"UGA","L03","K28KewnXpk2","1",104,10000,289.290681502086,0,NA,3595
"UGA","L03","k6Z9D2Z16q9","1",156,10000,433.936022253129,5.56328233657858,1,3595
"UGA","L03","L3z2GfyVdH5","1",52,10000,144.645340751043,2.78164116828929,1,3595
"UGA","L03","LAqtBPvPxy","1",312,10000,867.872044506259,0,NA,3595
"UGA","L03","LXeBkVStet6","1",208,10000,578.581363004172,10.0139082058414,0,3595
"UGA","L03","nG6geyTvwq7","1",104,10000,289.290681502086,0,NA,3595
"UGA","L03","oimuabaAoj4","1",136,10000,378.303198887344,0,NA,3595
"UGA","L03","pfmDHWctSE3","1",128,10000,356.050069541029,46.7315716272601,1,3595
"UGA","L03","r4YWWf5e5x3","1",188,10000,522.948539638387,0,NA,3595
"UGA","L03","r8r378XZhzA","1",260,10000,723.226703755216,0,NA,3595
"UGA","L03","rMuY6Uj3iMy","1",364,10000,1012.5173852573,0,NA,3595
"UGA","L03","RnembMKrW72","1",24,10000,66.759388038943,0,NA,3595
"UGA","L03","rrTcscTcWH","1",260,10000,723.226703755216,51.5159944367177,0.666666666666667,3595
"UGA","L03","s1YRqRa7dg5","1",112,10000,311.543810848401,5.56328233657858,1,3595
"UGA","L03","ve5Vid3J3j2","1",156,10000,433.936022253129,0,NA,3595
"UGA","L03","vPv6VoT5Hx6","1",104,10000,289.290681502086,0,NA,3595
"UGA","L03","VQjx1ubsk84","1",208,10000,578.581363004172,0,NA,3595
"UGA","L04","4MTsyUHiaX4","1",156,10000,433.936022253129,0,1,3595
"UGA","L04","4wawPvHomv","1",312,10000,867.872044506259,0,NA,3595
"UGA","L04","52MH5CafZg9","1",104,10000,289.290681502086,0,NA,3595
"UGA","L04","6knFhJg33R9","1",24,10000,66.759388038943,0,NA,3595
"UGA","L04","9iKLxLjVu77","1",156,10000,433.936022253129,72.3226703755216,0,3595
"UGA","L04","akR9WC1ESX","1",104,10000,289.290681502086,0.333796940194715,0,3595
"UGA","L04","CW2n61MumoA","1",312,10000,867.872044506259,0,0,3595
"UGA","L04","Dw3Ud994KTB","1",164,10000,456.189151599444,0,NA,3595
"UGA","L04","GEpVmB1chZ","1",52,10000,144.645340751043,0,NA,3595
"UGA","L04","GPDYh6MvUT3","1",52,10000,144.645340751043,0,NA,3595
"UGA","L04","hnZo2CxSp92","1",492,10000,1368.56745479833,11.1265646731572,0,3595
"UGA","L04","iLvTEBAQTN6","1",832,10000,2314.32545201669,0,NA,3595
"UGA","L04","Kq42xQGSvu4","1",168,10000,467.315716272601,3.33796940194715,1,3595
"UGA","L04","LEzTDqKV6f3","1",96,10000,267.037552155772,0,NA,3595
"UGA","L04","mBXHuSst1y6","1",104,10000,289.290681502086,0,NA,3595
"UGA","L04","Mc7EjdDK3M3","1",364,10000,1012.5173852573,0,NA,3595
"UGA","L04","n4TwADF35","1",208,10000,578.581363004172,0,1,3595
"UGA","L04","TdHhH26Qsi9","1",104,10000,289.290681502086,0,NA,3595
"UGA","L04","UBoKCmEGFXB","1",104,10000,289.290681502086,216.968011126565,0,3595
"UGA","L04","UKqsMYWu6S2","1",36,10000,100.139082058414,0,1,3595
"UGA","L04","UYwovny68h","1",312,10000,867.872044506259,72.3226703755216,1,3595
"UGA","L04","v29v4CgCb9A","1",176,10000,489.568845618915,6.6759388038943,1,3595
"UGA","L04","vkQ3CHAz8S2","1",204,10000,567.454798331015,22.2531293463143,1,3595
"UGA","L04","vwWMrLhFgq5","1",156,10000,433.936022253129,11.1265646731572,0,3595
"UGA","L04","WmaX2iuVse5","1",52,10000,144.645340751043,0,NA,3595
"UGA","L04","xJ36NSni7X2","1",364,10000,1012.5173852573,0,NA,3595
"UGA","L04","YMAxgenEPKA","1",104,10000,289.290681502086,5.00695410292072,1,3595
"UGA","L04","z9PS7Qjy5L2","1",416,10000,1157.16272600834,5.56328233657858,0.5,3595
"UGA","L04","zCz7aSrczL2","1",104,10000,289.290681502086,0,NA,3595
"UGA","L04","ZVVKrqxAx48","1",52,10000,144.645340751043,14.4645340751043,1,3595
"UGA","L06","2Zy882qHx74","1",208,10000,578.581363004172,0,NA,3595
"UGA","L06","43RqATksCs8","1",108,10000,300.417246175243,0,NA,3595
"UGA","L06","4Ltk7eBsFy2","1",156,10000,433.936022253129,0,1,3595
"UGA","L06","5a2WfRTPWS2","1",208,10000,578.581363004172,723.226703755216,0,3595
"UGA","L06","6vZXvHtQdG2","1",104,10000,289.290681502086,0,NA,3595
"UGA","L06","dmUnjxva8t4","1",104,10000,289.290681502086,0,NA,3595
"UGA","L06","f52oa28ri63","1",156,10000,433.936022253129,0,NA,3595
"UGA","L06","FnGwGBNbLj6","1",416,10000,1157.16272600834,0,NA,3595
"UGA","L06","fUwjdZnv1x2","1",104,10000,289.290681502086,0.556328233657858,1,3595
"UGA","L06","Gr3yWAqnod7","1",116,10000,322.670375521558,0,NA,3595
"UGA","L06","h2NJwtqVTd2","1",208,10000,578.581363004172,0,0.5,3595
"UGA","L06","hFv6mHJEwd5","1",260,10000,723.226703755216,0,NA,3595
"UGA","L06","i5k7QWkLJw8","1",312,10000,867.872044506259,0,NA,3595
"UGA","L06","JiVbXhqxqD2","1",156,10000,433.936022253129,0,1,3595
"UGA","L06","Jm8YLfzpoy5","1",104,10000,289.290681502086,0.834492350486787,0,3595
"UGA","L06","jspz3eC2TW3","1",208,10000,578.581363004172,0,NA,3595
"UGA","L06","kAKQZBMLkGA","1",260,10000,723.226703755216,1.66898470097357,0,3595
"UGA","L06","kJPFgVkrzr8","1",52,10000,144.645340751043,5.00695410292072,0,3595
"UGA","L06","L8vM1Pqk5B6","1",84,10000,233.6578581363,0,NA,3595
"UGA","L06","mpqcPSFDpCB","1",208,10000,578.581363004172,0,NA,3595
"UGA","L06","pMDUa1EHvb","1",312,10000,867.872044506259,0,NA,3595
"UGA","L06","QybMet9zZh8","1",60,10000,166.898470097357,33.3796940194715,1,3595
"UGA","L06","wJPLc9G7D59","1",156,10000,433.936022253129,0.66759388038943,1,3595
"UGA","L06","WKmRQnKoHA8","1",156,10000,433.936022253129,0,1,3595
"UGA","L06","Xab6HD3Zh47","1",156,10000,433.936022253129,0,NA,3595
"UGA","L06","XBSg6BUGH3","1",104,10000,289.290681502086,0,NA,3595
"UGA","L06","YXV6xbSxws2","1",312,10000,867.872044506259,0,NA,3595
"UGA","L06","ZpzNhUcn8E4","1",116,10000,322.670375521558,8.34492350486787,0,3595
"UGA","L06","Zsq7RscRsJA","1",260,10000,723.226703755216,0,NA,3595
"UGA","L06","ZU7tm63WQNB","1",156,10000,433.936022253129,0,1,3595
"UGA","L07","25LYWDpsci5","1",156,10000,433.936022253129,25.702364394993,1,3595
"UGA","L07","6L8XQ2ivNNB","1",572,10000,1591.09874826147,0,1,3595
"UGA","L07","7yhK3asbcg8","1",364,10000,1012.5173852573,0,NA,3595
"UGA","L07","9D4NrgAzDH4","1",104,10000,289.290681502086,34.2698191933241,1,3595
"UGA","L07","cTxbn5tVsdA","1",104,10000,289.290681502086,0.139082058414465,1,3595
"UGA","L07","E9xodbJqWb8","1",208,10000,578.581363004172,0.834492350486787,1,3595
"UGA","L07","EQM92niTjw","1",52,10000,144.645340751043,1.11265646731572,1,3595
"UGA","L07","eZcn1r4ZHQA","1",52,10000,144.645340751043,0,NA,3595
"UGA","L07","FiycRUoeZh","1",104,10000,289.290681502086,42.0584144645341,0.666666666666667,3595
"UGA","L07","ggHPuVorAC2","1",52,10000,144.645340751043,0,NA,3595
"UGA","L07","J4NQk5mWMXA","1",104,10000,289.290681502086,0,NA,3595
"UGA","L07","jsuqiyHhZp3","1",208,10000,578.581363004172,0.834492350486787,1,3595
"UGA","L07","k8Wj9vHnf53","1",260,10000,723.226703755216,0,NA,3595
"UGA","L07","kAym5mCCtcB","1",208,10000,578.581363004172,0,NA,3595
"UGA","L07","mjcdtjVVCA6","1",64,10000,178.025034770515,0.556328233657858,1,3595
"UGA","L07","N9o6jRf3hy3","1",208,10000,578.581363004172,0,1,3595
"UGA","L07","nf2b6XaXDy3","1",156,10000,433.936022253129,13.9082058414465,1,3595
"UGA","L07","PxqUsT3Kg39","1",312,10000,867.872044506259,0.417246175243394,0.5,3595
"UGA","L07","qGGstvM2E46","1",52,10000,144.645340751043,54.297635605007,0.5,3595
"UGA","L07","QP58gEJbLF8","1",52,10000,144.645340751043,0.278164116828929,1,3595
"UGA","L07","RscSHibFMZ","1",52,10000,144.645340751043,0,NA,3595
"UGA","L07","tsxUHiQSdd5","1",52,10000,144.645340751043,0.556328233657858,1,3595
"UGA","L07","udreQXLRb29","1",164,10000,456.189151599444,72.3226703755216,1,3595
"UGA","L07","uMco3gkx1Z8","1",156,10000,433.936022253129,0.139082058414465,0,3595
"UGA","L07","uNqoVbaZpG3","1",164,10000,456.189151599444,90.125173852573,0.666666666666667,3595
"UGA","L07","Uvc1cgf5XM9","1",156,10000,433.936022253129,0,NA,3595
"UGA","L07","x16vgM9iGq3","1",52,10000,144.645340751043,0.556328233657858,1,3595
"UGA","L07","x3KJboY4Wn4","1",364,10000,1012.5173852573,467.315716272601,0.5,3595
"UGA","L07","xwVxszyCYQ","1",208,10000,578.581363004172,23.36578581363,1,3595
"UGA","L07","zVWFb5eAbV7","1",208,10000,578.581363004172,0.695410292072323,1,3595
