"Country","Landscape..","avg_meals","food_shortage","diet_diversity","Nonfood.Spending","Food.Consumption.Value","Food.Spending","median_field_size","Mean_HH_Area_Farmed","Intercrop_Rate","Pesticide_Rate","Herbicide_Rate","Fungicide_Rate","Mean_Yield_Quantile","Avg_Pct_Crops_Any_Sold","Pct_Fields_Irrigates","Pct_Fields_Inorg_Fert","Pct_Fields_Purchased_Seed","Pct_Fields_Fallow","Mean_HH_Number_Fields","Mean_Area_Owned","Area_Owned_Ineq_Gini","TotalAgriculturalProduction","Production_Inequality_Gini","Bananas","Maize","Paddy","Sorghum","Bulrush.Millet","Finger.Millet","Wheat","Cassava","Sweet.Potatoes","Irish.Potatoes","Yams","Onions","Beans","Pigeon.Pea","Field.Peas","Sunflower","Sesame.Simsim","Groundnut","Palm.Oil","Coconut","Cashew.Nut","Soyabeans","Cotton","Pyrethrum","Coffee","Tea","Cocoa","Rubber","Sugar.Cane","Pineapple","Orange","Tomatoes","Chilies","Egg.Plant","Okra","Timber","erosion_control_household_percent","perc_degraded","perc_improved","Male.Literacy.Rate","Male.Percent.Attended.School","Male.Percent.Worked.Recently","Male.Mean.Hours.Worked.Last.Week","Male.Percent.Operated.Business","Male.Percent.Collects.Firewood","Male.Mean.Hours.Spent","Female.Literacy.Rate","Female.Percent.Attended.School","Female.Percent.Worked.Recently","Female.Mean.Hours.Worked.Last.Week","Female.Percent.Operated.Business","Female.Percent.Collects.Firewood","Female.Mean.Hours.Spent","Male.HH.Head","Female.HH.Head","TotalIncome","AgIncome","NonAgIncome","Income_Inequality_Gini","size","literate","years","age","Mean_Annual_Fuelwood_Value","Fuelwood_Decreasing","Fuelwood_Shortage_Past_Year","Fuelwood_From_Natural_Areas","Nonfuel_NR_annual_value","Nonfuel_NR_decreasing","Collects_Nonfuel_Resources","percent_stunted","percent_severe_stunted","percent_underweight","percent_severe_underweight","percent_wasting","percent_server_wasting","percent_overweight","percent_Composite_Index_Anthropometric_Failure","No_Toilet","Flush_Toilet","Pit_Latrine","Satisfied_Drinking_Water","Unsatisfied_Drinking_Water","Dispose_Garbage_Within_Compound","No_Measure_Safe_Drinking_Water","NR_Total","AG_Total","Rate"
"GHA","L01",2.96666666666667,0.133333333333333,0.583809523809524,1358.50856879428,475.354063015072,882.555433606253,2.65,8.09066666666667,0.0822222222222222,0,0.595555555555556,0,1.91111111111111,0.3,0,0.463333333333333,0.284444444444444,0.938888888888889,2.66666666666667,8.09066666666667,0.602757635684465,557.243244242358,0.579690547794786,0,0.935483870967742,0.129032258064516,0.161290322580645,0.225806451612903,0.225806451612903,0,0,0,0,0.032258064516129,0.032258064516129,0.032258064516129,0,0,0,0,0.129032258064516,0,0,0,0.0645161290322581,0,0,0,0,0,0,0,0,0,0.0645161290322581,0,0,0,0,0.0645161290322581,NA,NA,0.39,0.6,0.677777777777778,37.6666666666667,0.0119047619047619,0.25,2.84,0.241758241758242,0.43956043956044,0.675,NA,0.0136986301369863,0.549450549450549,2.30612244897959,0.935483870967742,0.0645161290322581,948.986817015888,233.809256350906,715.17756066498,0.798565583559511,6.36666666666667,0.319371727748691,3.09947643979058,26.1151832460733,171.58066509292,0.916666666666667,0.16,0.833333333333333,18.5932319411992,0.891666666666667,0.758620689655172,12.5,12.5,22.2222222222222,11.1111111111111,25,12.5,11.1111111111111,25,0.7,0,0.3,1,0,0.5,0.966666666666667,63.15789474,36.84210526,4.5085
"GHA","L02",3.13333333333333,0.133333333333333,0.704761904761905,1490.37547619368,663.980297751756,1292.3887981705,4.1,9.39568111111111,0.00740740740740741,0.00740740740740741,0.755864197530864,0,2.71234567901235,0.764814814814815,0,0.427777777777778,0.169444444444444,0.91358024691358,3.62962962962963,9.33016259259259,0.364316620655371,1288.79019432916,0.461380354792933,0,1,0.366666666666667,0.1,0,0,0,0,0,0,0.366666666666667,0,0,0,0,0,0,0.633333333333333,0,0,0.0333333333333333,0.366666666666667,0.0333333333333333,0,0,0,0,0,0,0,0,0,0.0666666666666667,0,0.0666666666666667,0,0.1,NA,NA,0.351351351351351,0.567567567567568,0.763779527559055,26.25,0.00806451612903226,0.310810810810811,2.19565217391304,0.204379562043796,0.335766423357664,0.815789473684211,17.5,0,0.569343065693431,2.44871794871795,1,0,1135.03172318953,849.011127130236,286.020596059295,0.425887986942573,7.63333333333333,0.2882096069869,2.45248868778281,22.4847161572052,116.984158128663,0.666666666666667,0.333333333333333,0.1,66.6748249475129,0.86140350877193,0.633333333333333,48.3870967741936,25.8064516129032,48.3870967741936,19.3548387096774,13.7931034482759,0,9.67741935483871,61.2903225806452,0.533333333333333,0,0.466666666666667,1,0,0,0.866666666666667,29.33920705,70.66079295,4.5085
"GHA","L03",2.7,0.0666666666666667,0.579047619047619,838.41866309192,761.273683043141,608.618032605079,2.2204,5.9074175,0.040625,0.164583333333333,0.280625,0,2.27375,0.704404761904762,0,0.281130952380952,0.17,0.19125,3.9,5.9074175,0.429975810072676,1582.87441182528,0.549539006379801,0.0666666666666667,0.533333333333333,0.133333333333333,0,0,0,0,0.2,0,0,0.933333333333333,0,0.133333333333333,0,0,0,0,0.2,0,0,0,0,0,0,0,0,0,0,0,0,0,0,0.2,0.333333333333333,0.133333333333333,0,0.1,NA,NA,0.477611940298507,0.746268656716418,0.746031746031746,18,0,0.328358208955224,1.95454545454545,0.288135593220339,0.576271186440678,0.792452830188679,NA,0,0.610169491525424,1.77142857142857,0.8,0.2,1446.0252338176,1389.48652545192,56.5387083656797,0.551076432269177,4.2,0.388888888888889,4.03968253968254,26.3333333333333,185.364153424484,1,0,0.0333333333333333,25.6034897046319,0.847222222222222,0.8,80,40,20,20,25,25,20,80,0.433333333333333,0,0.5,0.866666666666667,0.1,0.0666666666666667,0.933333333333333,61.16071429,38.83928571,4.5085
"GHA","L04",2.9,0.166666666666667,0.57047619047619,1686.40763791317,460.120400928515,1095.58743063868,1.96535,5.05032684210526,0.0350877192982456,0.319497607655502,0.157894736842105,0,2.76666666666667,0.556140350877193,0,0.0701754385964912,0.172248803827751,0.0087719298245614,3.68421052631579,3.76072105263158,0.416524414079548,827.660098825676,0.571187769011912,0.354838709677419,0.193548387096774,0,0,0,0,0,0.548387096774194,0,0,0.032258064516129,0,0,0,0,0,0,0,0.32258064516129,0.0645161290322581,0,0,0,0,0,0,0.483870967741935,0,0,0,0.0645161290322581,0,0,0,0,0,0.258064516129032,NA,NA,0.736842105263158,0.921052631578947,0.842857142857143,19.3636363636364,0,0.434210526315789,1.90909090909091,0.471428571428571,0.857142857142857,0.818181818181818,10.3333333333333,0,0.471428571428571,1.81818181818182,0.833333333333333,0.166666666666667,1742.53038439936,734.812737231108,1007.71764716825,0.61809970645066,4.86666666666667,0.60958904109589,6.81379310344828,28.1369863013699,181.949650659865,0,0.5,0.0666666666666667,17.9354705479688,0.431818181818182,0.733333333333333,50,16.6666666666667,33.3333333333333,16.6666666666667,33.3333333333333,0,0,66.6666666666667,0.133333333333333,0.0666666666666667,0.8,0.966666666666667,0,0.0333333333333333,0.966666666666667,0.378071834,94.04536862,4.5085
"GHA","L05",2.86666666666667,0,0.653809523809524,1851.34428046562,466.100876122879,1163.15124764334,3.31465,7.94505862068966,0.181609195402299,0.0620689655172414,0.141954022988506,0,2.5468253968254,0.636781609195402,0,0.0919540229885057,0.0445402298850575,0.0431034482758621,3.03448275862069,7.99865862068966,0.452909917907014,3426.64596502901,0.682160408454179,0.0666666666666667,0.0666666666666667,0,0,0,0,0,0.366666666666667,0,0,0,0,0,0,0,0,0,0,0.433333333333333,0.7,0,0,0,0,0,0,0.4,0.233333333333333,0,0,0.0333333333333333,0,0.0333333333333333,0,0,0,0.0333333333333333,NA,NA,0.67032967032967,0.846153846153846,0.841463414634146,19,0.027027027027027,0.483516483516484,2.88636363636364,0.480519480519481,0.753246753246753,0.794520547945205,12,0,0.545454545454545,2.45238095238095,0.903225806451613,0.0967741935483871,2997.88654837159,2328.39451406603,669.492034305572,0.503409416628959,5.6,0.583333333333333,5.68862275449102,28.0178571428571,123.720329033664,NA,NA,0.0333333333333333,196.399393737755,0.5,0.333333333333333,66.6666666666667,33.3333333333333,55.5555555555556,22.2222222222222,11.1111111111111,0,0,66.6666666666667,0.433333333333333,0.133333333333333,0.433333333333333,1,0,0.333333333333333,1,62.17008798,37.82991202,4.5085
"GHA","L06",2.74,0.38,0.606571428571429,2542.82879246057,786.591882000665,1122.6682377731,1.6,2.39798125,0.21875,0.03125,0.383854166666667,0,1.94259259259259,0.393229166666667,0,0.264583333333333,0.281623931623932,0,2.875,2.20860625,0.702043603573521,1131.21230705657,0.879772186159913,0.0476190476190476,0.30952380952381,0,0,0,0,0,0.857142857142857,0,0,0.0714285714285714,0,0.0238095238095238,0,0,0,0,0,0.238095238095238,0.142857142857143,0,0,0,0,0,0,0.0714285714285714,0,0,0.142857142857143,0.0714285714285714,0,0,0,0,0,0.119047619047619,NA,NA,0.613953488372093,0.8,0.587378640776699,27.7058823529412,0,0.6,1.5859375,0.570707070707071,0.777777777777778,0.67027027027027,24,0.00680272108843537,0.722222222222222,1.71428571428571,0.957746478873239,0.0422535211267606,1909.16783240123,957.894347713579,951.273484687654,0.571798708352819,5.74,0.560975609756098,4.83623693379791,29.7351916376307,199.987325527971,0.75,0.35,0.4,160.192363918659,0.770171957671958,0.8,82.3529411764706,58.8235294117647,66.6666666666667,44.4444444444444,35.2941176470588,11.7647058823529,0,88.8888888888889,0.22,0,0.78,0.78,0.12,0.18,0.82,0.547945205,99.08675799,4.5085
"RWA","L01",1.86666666666667,0.816666666666667,0.502857142857143,378.004491634949,358.929232464194,318.556741339209,0.16645,0.52748,0.271279877998945,0.0501388888888889,0.00277777777777778,0.025,2.44386271068256,0.295703338806787,0,0.420818903318903,0.437314342182496,0.0791666666666667,2.96666666666667,0.4928,0.371453373015873,560.735762571238,0.374581712728134,0.0166666666666667,0.9,0,0,0,0,0.483333333333333,0.0333333333333333,0.55,0.516666666666667,0.0333333333333333,0,0.533333333333333,0,0.3,0,0,0,0,0,0,0,0,0,0,0.233333333333333,0,0,0,0,0,0,0,0,0,0,1,44.9375,1.0625,0.473372781065089,0.644970414201183,0.992647058823529,26.5675675675676,0.0155038759689922,0.402366863905325,3.38235294117647,0.460227272727273,0.653409090909091,0.974193548387097,22.12,0,0.454545454545455,3.0125,0.786885245901639,0.213114754098361,882.596525564124,245.199330803444,637.397194760681,0.332643402873491,5.75,0.466666666666667,2.71304347826087,22.7391304347826,421.006243114212,1,1,0.116666666666667,0,NA,0,52.4390243902439,32.9268292682927,20.9302325581395,6.97674418604651,0,0,9.30232558139535,54.1176470588235,0.05,0,0.95,0.566666666666667,0.1,0.983333333333333,0.816666666666667,56.55042413,43.44957587,816.9
"RWA","L02",2.2,0.8,0.556666666666667,1322.97353059476,385.279005998286,376.896437752479,0.2541,0.62413,0.0495238095238095,0.330833333333333,0.0861111111111111,0.0166666666666667,3.0437925170068,0.523095238095238,0,0.420238095238095,0.393650793650794,0.0277777777777778,2.43333333333333,0.60516,0.397405644788155,444.015975027543,0.490287129085472,0,0.533333333333333,0,0,0,0,0.1,0,0,0.8,0,0,0.2,0,0.0333333333333333,0,0,0,0,0,0,0,0,0.433333333333333,0,0,0,0,0,0,0,0.0333333333333333,0,0,0,0,0.466666666666667,41.625,8.5625,0.629032258064516,0.774193548387097,0.962962962962963,26.3333333333333,0,0.419354838709677,2.19230769230769,0.5,0.666666666666667,0.986666666666667,7.88888888888889,0.0138888888888889,0.5,2.30952380952381,0.666666666666667,0.333333333333333,1173.34407377484,370.547190598605,802.796883176236,0.530920450526752,4.86666666666667,0.554794520547945,3.52739726027397,23.2945205479452,131.227812461746,NA,NA,0,0,NA,0,42.8571428571429,14.2857142857143,0,0,0,0,7.14285714285714,42.8571428571429,0.0333333333333333,0,0.966666666666667,0.966666666666667,0,1,0.166666666666667,43.05054152,56.94945848,816.9
"RWA","L03",1.93333333333333,0.9,0.554285714285714,623.80760328235,227.54204921043,396.363569592361,0.45735,1.50223103448276,0.315927750410509,0,0,0,2.1814039408867,0.308292282430213,0,0,0.233497536945813,0.201149425287356,2.41379310344828,1.49188965517241,0.527961569778155,316.124372628229,0.379311825514225,0.233333333333333,0.366666666666667,0.0333333333333333,0.166666666666667,0,0,0,0.233333333333333,0.0333333333333333,0.566666666666667,0,0,0.9,0,0,0,0,0,0,0,0,0.1,0,0,0,0,0,0,0,0,0,0,0,0,0,0,0.433333333333333,10.6875,33,0.605263157894737,0.736842105263158,0.9375,12.7826086956522,0,0.394736842105263,2.5,0.580246913580247,0.728395061728395,1,5.28571428571429,0.0140845070422535,0.728395061728395,2.3728813559322,0.7,0.3,537.017707471334,114.714163300282,422.303544171053,0.419367612085433,5.23333333333333,0.592356687898089,3.94904458598726,23.1974522292994,197.527237115926,NA,NA,0,2.65230342351165,1,0.0333333333333333,57.1428571428571,35.7142857142857,28.5714285714286,0,0,0,0,64.2857142857143,0.0333333333333333,0,0.966666666666667,0.7,0.166666666666667,1,0.666666666666667,26.15239887,68.01505174,816.9
"RWA","L04",2,0.833333333333333,0.561904761904762,746.150718378404,245.700734484025,486.061304933284,0.1721,1.07473064516129,0.133026113671275,0.082258064516129,0,0.0241935483870968,2.45729166666667,0.191013824884793,0,0.139784946236559,0.688312852022529,0.0795698924731183,2.19354838709677,1.05637064516129,0.721777691723411,337.973313747093,0.54039812080874,0,0.966666666666667,0,0,0,0,0,0,0.166666666666667,0.233333333333333,0,0,0.933333333333333,0,0.0333333333333333,0,0,0,0,0,0,0,0,0,0,0.0666666666666667,0,0,0,0,0,0,0,0,0,0,1,3.9375,37.625,0.539325842696629,0.685393258426966,1,27.1428571428571,0,0.426966292134831,2.97368421052632,0.548780487804878,0.682926829268293,1,16.8181818181818,0,0.695121951219512,2.80701754385965,0.8,0.2,539.981830207827,192.23579306505,347.746037142778,0.419815156872936,5.7,0.543859649122807,3.1812865497076,23.093567251462,189.446224372206,0.875,0.625,0.266666666666667,0,1,0.0344827586206897,38.0952380952381,14.2857142857143,19.047619047619,0,9.52380952380952,0,4.76190476190476,42.8571428571429,0.161290322580645,0,0.838709677419355,0.870967741935484,0,1,0.516129032258065,8.69140625,91.30859375,816.9
"RWA","L06",2.06666666666667,0.7,0.59,591.880988296582,214.133131350226,408.868276410821,0.1398,0.535374137931034,0.384012826254206,0.046264367816092,0.0028735632183908,0,2.68107586857587,0.325271512113617,0.0169540229885057,0.0894567597153804,0.211100489548765,0.0637931034482759,3.08620689655172,0.494958620689655,0.342450106928311,904.210370891605,0.367952432916926,0.5,0.327586206896552,0,0,0,0,0,0.362068965517241,0.189655172413793,0.0517241379310345,0.224137931034483,0,0.775862068965517,0,0,0,0,0.0344827586206897,0,0,0,0.137931034482759,0,0,0.293103448275862,0,0,0,0,0,0,0.0517241379310345,0,0.0172413793103448,0,0,0.862068965517241,2.6875,14.125,0.508771929824561,0.701754385964912,0.921348314606742,17.1724137931034,0.0116279069767442,0.333333333333333,2.60526315789474,0.635135135135135,0.77027027027027,0.91970802919708,16.6153846153846,0,0.648648648648649,2.78723404255319,0.683333333333333,0.316666666666667,1333.1722292835,441.568476111633,891.603753171872,0.521079255755585,4.36666666666667,0.580152671755725,3.72519083969466,24.1412213740458,332.378504100869,0.952380952380952,0.952380952380952,0.35,2.32586607907945,0.5,0.0666666666666667,36,20,16,4,4,0,14,38,0.0163934426229508,0,0.983606557377049,0.868852459016393,0.0163934426229508,1,0.344262295081967,6.654343808,93.34565619,816.9
"RWA","L07",1.76666666666667,0.933333333333333,0.563333333333333,273.151594343683,283.443567144081,274.84824335904,0.26655,0.7962,0.608095238095238,0.05,0,0,2.22871693121693,0.306468253968254,0.0166666666666667,0.0666666666666667,0.302685185185185,0.0166666666666667,2.2,0.779926666666667,0.394725145099112,273.064498578638,0.535638352143129,0.166666666666667,0.633333333333333,0.166666666666667,0.533333333333333,0,0,0,0.0666666666666667,0.0666666666666667,0,0,0,0.933333333333333,0,0,0.0333333333333333,0,0.1,0,0,0,0.0666666666666667,0,0,0.0333333333333333,0,0,0,0,0,0,0,0,0,0,0,0.633333333333333,16.0975609756098,14.9390243902439,0.555555555555556,0.708333333333333,1,17,0.0166666666666667,0.388888888888889,2.32142857142857,0.518072289156627,0.734939759036145,1,4.36363636363636,0,0.674698795180723,2.125,0.7,0.3,408.116458970906,128.033214999796,280.08324397111,0.452460087823555,5.16666666666667,0.535483870967742,2.78709677419355,22.6451612903226,201.248622842453,NA,NA,0,0,NA,0,31.5789473684211,15.7894736842105,26.3157894736842,5.26315789473684,10.5263157894737,5.26315789473684,10.5263157894737,42.1052631578947,0,0,1,0.733333333333333,0,1,0.833333333333333,2.24609375,97.75390625,816.9
"TZA","L02",NA,NA,NA,NA,NA,NA,NA,NA,NA,NA,NA,NA,NA,NA,NA,NA,NA,NA,NA,NA,NA,NA,NA,NA,NA,NA,NA,NA,NA,NA,NA,NA,NA,NA,NA,NA,NA,NA,NA,NA,NA,NA,NA,NA,NA,NA,NA,NA,NA,NA,NA,NA,NA,NA,NA,NA,NA,NA,NA,NA,99.4375,0.25,NA,NA,NA,NA,NA,NA,NA,NA,NA,NA,NA,NA,NA,NA,NA,NA,NA,NA,NA,NA,NA,NA,NA,NA,NA,NA,NA,NA,NA,NA,NA,NA,NA,NA,NA,NA,NA,NA,NA,NA,NA,NA,NA,NA,NA,NA,20.39106145,79.60893855,2226
"TZA","L03",2.16666666666667,0.2,0.603333333333333,306.033237206426,615.444070080863,275.183333333333,1.8,7.63333333333333,0.532716049382716,0.312962962962963,0.380246913580247,0,2.75061728395062,0.401234567901235,0,0,0.373456790123457,1.08148148148148,2.88888888888889,6.50740740740741,0.41016884841586,481.844872882767,0.558277082145974,0.0333333333333333,1,0,0,0,0.0333333333333333,0.333333333333333,0,0,0.0333333333333333,0,0,0.166666666666667,0,0,0,0,0,0,0,0,0,0,0,0,0,0,0,0,0,0,0,0,0,0,0,0,99.75,0,0.610526315789474,0.652631578947368,0.0357142857142857,50.4285714285714,0,0.505263157894737,2.8125,0.666666666666667,0.694444444444444,0,NA,0,0.583333333333333,2.80952380952381,1,0,517.253700209645,219.919167415394,297.33453279425,0.76166442874237,5.56666666666667,0.634730538922156,3.71556886227545,21.3233532934132,164.500364360587,1,0.217391304347826,0.766666666666667,2.78526504941599,1,0.466666666666667,35.7142857142857,35.7142857142857,55.5555555555556,22.2222222222222,31.25,6.25,0,72.2222222222222,0,0,1,0.866666666666667,0,0.5,0.833333333333333,NA,NA,2226
"TZA","L10",2.53333333333333,0.6,0.558571428571429,342.664622676013,414.941644204852,374.068194070081,2.05,5.327,0.776666666666667,0.0666666666666667,0.166666666666667,0,1.85,0.366666666666667,0,0.538888888888889,0.127777777777778,1.00833333333333,1.63333333333333,4.03266666666667,0.412679781782113,205.559085269328,0.455106916692149,0,0.966666666666667,0,0.0333333333333333,0,0,0,0,0.0333333333333333,0,0,0,0.0333333333333333,0,0,0,0,0,0,0,0,0.0333333333333333,0,0,0,0,0,0,0,0,0,0,0,0,0,0,0.366666666666667,23.8125,3.0625,0.747368421052632,0.726315789473684,0.192307692307692,37,0,0.168421052631579,2.4375,0.569620253164557,0.607594936708861,0.151515151515152,30,0.0317460317460317,0.582278481012658,2.45454545454545,0.666666666666667,0.333333333333333,478.005935010481,43.1633722671459,434.842562743336,0.756963828738721,5.33333333333333,0.6375,3.296875,23,130.787672866128,0.866666666666667,0,0.5,10.5420784666068,0.78125,0.533333333333333,54.5454545454545,27.2727272727273,21.7391304347826,0,0,0,4.34782608695652,56.5217391304348,0,0,1,0.933333333333333,0,0.8,0.8,66.19850187,33.80149813,2226
"TZA","L11",2.6,0.0666666666666667,0.654761904761905,390.426465055489,509.766486972147,494.268149146451,1.3,2.83448275862069,0.614942528735632,0.149425287356322,0.248275862068966,0,3.14655172413793,0.626436781609195,0,0.840229885057471,0.204022988505747,0.959770114942529,1.86206896551724,2.36551724137931,0.443852417814416,294.876224703718,0.521176309677504,0,1,0,0,0,0,0,0,0,0,0,0,0.2,0,0,0,0,0,0,0,0,0,0,0,0,0,0,0,0.0333333333333333,0,0,0.0333333333333333,0,0,0,0,0,18.0128205128205,4.48717948717949,0.897058823529412,0.897058823529412,0.412698412698413,42.6666666666667,0.0169491525423729,0.264705882352941,2.16666666666667,0.727272727272727,0.709090909090909,0.270833333333333,44.3333333333333,0,0.636363636363636,2.34285714285714,0.837837837837838,0.162162162162162,627.470810422282,177.036537885594,450.434272536689,0.630525455283615,3.63333333333333,0.798165137614679,5.23394495412844,27.7981651376147,80.542395606779,1,0,0.966666666666667,0.778676250374362,1,0.333333333333333,40,40,11.1111111111111,0,40,0,22.2222222222222,80,0,0.0666666666666667,0.933333333333333,0.933333333333333,0,0.1,0.566666666666667,89.23512748,10.76487252,2226
"TZA","L18",2.5,0.633333333333333,0.646666666666667,554.772482586056,334.795327942498,636.427336028751,1.825,9.38222222222222,0.435185185185185,0.138888888888889,0.324074074074074,0,2.33888888888889,0.37962962962963,0.305555555555556,0.388888888888889,0.398148148148148,0.361111111111111,1.33333333333333,9.28222222222222,0.784787061421009,345.975015550487,0.491894136465681,0,0.814814814814815,0,0,0,0,0,0,0,0,0,0.518518518518518,0.037037037037037,0,0,0,0,0.0740740740740741,0,0,0,0,0,0,0,0,0,0,0,0,0,0.111111111111111,0,0,0,0,0.307692307692308,90.625,0.5625,0.726190476190476,0.726190476190476,0.155844155844156,39.7777777777778,0,0.30952380952381,2.61538461538462,0.716666666666667,0.716666666666667,0.203703703703704,33.4444444444444,0,0.566666666666667,2.97058823529412,0.896551724137931,0.103448275862069,853.120233948441,192.720644135739,660.399589812704,0.690328823854929,4.8,0.722222222222222,4.64583333333333,24.3055555555556,171.198977328541,1,0,0.5,47.5890985324946,0.9,0.666666666666667,100,66.6666666666667,70,0,0,0,0,100,0,0,1,0.766666666666667,0.233333333333333,0.9,0.533333333333333,NA,NA,2226
"TZA","L19",2.7,0.466666666666667,0.618095238095238,287.258979826461,520.479226693931,579.198717352916,3.3,8.16666666666667,0.25,0.145833333333333,0.166666666666667,0,2.32971014492754,0.5625,0,0.125,0.0416666666666667,0.989583333333333,1.625,7.9375,0.595253718285214,726.081638226509,0.533143216055605,0,0.517241379310345,0.620689655172414,0,0,0,0,0.0344827586206897,0,0,0,0,0,0,0,0,0.0344827586206897,0,0,0,0,0,0,0,0,0,0,0,0,0,0,0,0,0,0,0.0344827586206897,0.0689655172413793,80.5,0.5625,0.764044943820225,0.707865168539326,0.402597402597403,32.6206896551724,0,0.337078651685393,1.56666666666667,0.75,0.766666666666667,0.415094339622642,30.15,0,0.683333333333333,1.92682926829268,0.866666666666667,0.133333333333333,1552.52911732813,316.064070390681,1236.46504693745,0.479841302559513,4.96666666666667,0.758389261744966,3.96644295302013,24.3422818791946,164.2807377059,1,0.0344827586206897,0.966666666666667,26.8942797244684,1,0.3,46.6666666666667,46.6666666666667,25,0,0,0,18.75,46.6666666666667,0,0,1,0.933333333333333,0.0333333333333333,1,0.733333333333333,34.52115813,65.47884187,2226
"TZA","L20",2.9,0.4,0.654285714285714,840.307168044739,1375.52628032345,724.71320754717,2.2,9.34782608695652,0.210144927536232,0.210144927536232,0.152173913043478,0,2.91304347826087,0.543478260869565,0.0434782608695652,0.268115942028985,0.260869565217391,1.01231884057971,2.47826086956522,8.66521739130435,0.466415061410589,2182.26524828427,0.490969838369716,0,0.633333333333333,0.9,0,0.1,0,0,0,0,0,0,0,0,0,0,0,0,0.0333333333333333,0,0,0,0,0,0,0,0,0,0,0.0333333333333333,0,0,0,0,0,0,0,0.366666666666667,83.875,1.3125,0.496124031007752,0.51937984496124,0.036697247706422,23,0,0.294573643410853,2.68421052631579,0.426086956521739,0.426086956521739,0,19.75,0.0102040816326531,0.417391304347826,3.70833333333333,0.8,0.2,2250.68134471398,933.22102425876,1317.46032045522,0.625214264199324,7.2,0.458333333333333,2.78703703703704,20.6388888888889,181.074332980362,1,0.366666666666667,1,1.01826894279725,1,0.233333333333333,16,12,14.2857142857143,10.7142857142857,18.5185185185185,3.7037037037037,10.7142857142857,37.037037037037,0.0666666666666667,0.0333333333333333,0.9,0.966666666666667,0.0333333333333333,0.533333333333333,0.866666666666667,55.89519651,44.10480349,2226
"TZA","L22",2.73333333333333,0.466666666666667,0.64,225.053001050288,451.208535489668,663.969092542677,1.2,2.95033333333333,0.272222222222222,0.0611111111111111,0.108333333333333,0,1.96264367816092,0.375,0,0,0.0694444444444444,0.883333333333333,2.1,2.667,0.343836187143274,311.357543823851,0.424660869398954,0,0.366666666666667,0.766666666666667,0.0333333333333333,0,0,0,0.4,0,0,0,0,0.0666666666666667,0,0,0,0.166666666666667,0,0,0,0.0333333333333333,0,0,0,0,0,0,0,0,0,0,0,0,0,0,0,0,36.125,2.0625,0.58974358974359,0.705128205128205,0.28169014084507,30.2,0,0.384615384615385,1.8,0.554054054054054,0.608108108108108,0.238805970149254,28.75,0,0.621621621621622,1.73913043478261,0.9,0.1,418.722893381252,98.7361485474695,319.986744833783,0.656314130028333,5.06666666666667,0.572368421052632,3.36842105263158,25.1710526315789,122.881113297394,1,0,1,8.3258460616951,0.962962962962963,0.9,33.3333333333333,33.3333333333333,27.2727272727273,18.1818181818182,22.2222222222222,22.2222222222222,0,77.7777777777778,0,0,1,0.9,0.0333333333333333,0.133333333333333,0.933333333333333,76.08695652,23.91304348,2226
"UGA","L01",2.4,0.8,0.596190476190476,1016.60056729345,465.7296875,650.537667410714,0.4825,1.78868,0.331785714285714,0,0,0,2.01444444444444,0.15515873015873,0,0.0361111111111111,0.299166666666667,0.268333333333333,3.13333333333333,1.51478,0.359349432480844,314.456446641155,0.378519501279898,0,0.866666666666667,0.1,0.466666666666667,0,0.0666666666666667,0,0.766666666666667,0.266666666666667,0,0,0,0.533333333333333,0.0333333333333333,0.0666666666666667,0,0.0333333333333333,0.566666666666667,0,0,0,0,0,0,0,0,0,0,0,0,0,0.0333333333333333,0,0,0.0333333333333333,0.0333333333333333,0.166666666666667,100,0,0.365853658536585,0.67479674796748,0.625,30.5,0.0104166666666667,0.0975609756097561,1.58333333333333,0.106194690265487,0.389380530973451,0.714285714285714,18.7333333333333,0.0135135135135135,0.539823008849557,2.09836065573771,0.933333333333333,0.0666666666666667,2332.68172377232,90.0358072916666,2242.64591648066,0.739142534920364,7.86666666666667,0.241525423728814,2.63135593220339,20.6483050847458,568.080357142857,0.4375,0.1875,0.533333333333333,198.500744047619,0.846153846153846,0.866666666666667,20.5128205128205,12.8205128205128,9.75609756097561,4.8780487804878,17.9487179487179,10.2564102564103,9.75609756097561,40,0.0666666666666667,0,0.933333333333333,0.6,0.1,0.1,0.733333333333333,45.28819762,54.71180238,3584
"UGA","L02",2.36666666666667,0.8,0.584285714285714,583.402657570084,229.397572544643,535.923744419643,0.2575,0.743533333333333,0.622037037037037,0.055,0.00333333333333333,0,1.97796296296296,0.122592592592593,0,0.171944444444444,0.462407407407407,0.0222222222222222,2.73333333333333,0.719033333333333,0.411458285043191,435.435019004707,0.421273708240142,0.466666666666667,0.533333333333333,0,0,0,0,0,0.333333333333333,0.233333333333333,0,0.0333333333333333,0.1,0.7,0,0,0,0,0.3,0,0,0,0.0666666666666667,0,0,0.333333333333333,0,0,0,0.0666666666666667,0,0,0,0,0,0,0.133333333333333,0.466666666666667,97.9375,0.0625,0.389473684210526,0.831578947368421,0.931034482758621,20.7272727272727,0.0246913580246914,0.536842105263158,2.47058823529412,0.276595744680851,0.776595744680851,0.882352941176471,11.4,0,0.531914893617021,2.32,0.862068965517241,0.137931034482759,495.844894717263,235.082775297619,260.762119419643,0.445316523708278,6.3,0.333333333333333,4.24074074074074,23.8994708994709,509.300595238094,0.823529411764706,0.764705882352941,0.566666666666667,7.14285714285714,0.857142857142857,0.241379310344828,28.5714285714286,21.4285714285714,7.14285714285714,0,7.14285714285714,0,14.2857142857143,35.7142857142857,0,0,1,0.966666666666667,0,0.1,0.533333333333333,2.178030303,97.8219697,3584
"UGA","L03",2.63333333333333,0.366666666666667,0.619047619047619,724.804181067589,505.057756696429,374.295563616071,0.35,2.36901034482759,0.325478927203065,0.184891401701747,0.0814176245210728,0,2.51053639846743,0.377914614121511,0.00689655172413793,0.0558908045977011,0.259003831417625,0.136288998357964,4.3448275862069,2.20890689655172,0.345284712896501,530.172526041666,0.474132292707344,0.7,0.6,0,0,0,0,0,0.533333333333333,0.8,0.233333333333333,0,0.0333333333333333,0.566666666666667,0,0.0666666666666667,0,0.0333333333333333,0.233333333333333,0,0,0,0,0,0,0.4,0,0,0,0,0,0,0.0333333333333333,0,0,0,0.1,0.233333333333333,100,0,0.556818181818182,0.806818181818182,0.906666666666667,26.375,0,0.579545454545455,2.05882352941176,0.453703703703704,0.703703703703704,0.936170212765957,21.8,0.0113636363636364,0.657407407407407,2,0.675675675675676,0.324324324324324,667.494023995536,272.787388392857,394.706635602679,0.559483987661091,6.06666666666667,0.5,4.30769230769231,24.010989010989,593.005952380951,1,0.357142857142857,0.933333333333333,4.53125,0.866666666666667,0.333333333333333,31.5789473684211,26.3157894736842,0,0,16.6666666666667,11.1111111111111,29.1666666666667,47.3684210526316,0,0,1,0.933333333333333,0.0333333333333333,0.2,0.133333333333333,25.99814299,74.00185701,3584
"UGA","L04",2.43333333333333,0.866666666666667,0.468571428571429,832.950604324392,504.548577008929,497.517047991071,0.125,0.521644827586207,0.123283230179782,0.295641140468727,0,0,2.54739073187349,0.26264367816092,0.0197044334975369,0.0770114942528736,0.168427645151783,0.176354679802956,4.20689655172414,0.402079310344828,0.390222408070769,329.615571787101,0.551811456595596,0.172413793103448,0.206896551724138,0,0.448275862068966,0,0,0.0344827586206897,0,0.482758620689655,0.655172413793103,0,0.172413793103448,1,0,0.379310344827586,0,0,0,0,0,0,0,0,0,0.0344827586206897,0,0,0,0,0,0,0.103448275862069,0,0,0,0.103448275862069,0.724137931034483,38.0625,0.875,0.480519480519481,0.766233766233766,0.935483870967742,25.7272727272727,0,0.415584415584416,3.15625,0.363636363636364,0.704545454545455,0.946666666666667,22.4444444444444,0,0.613636363636364,3.2962962962963,0.833333333333333,0.166666666666667,1057.08816117611,120.370227832512,936.717933343596,0.709267950281514,5.5,0.418181818181818,4.08181818181818,22.0606060606061,547.247023809523,0.75,0.583333333333333,0.4,14.7619047619048,0.59375,0.533333333333333,55,25,23.8095238095238,19.047619047619,9.52380952380952,4.76190476190476,9.52380952380952,60,0.0333333333333333,0,0.966666666666667,0.566666666666667,0.266666666666667,0,0.333333333333333,21.44177449,77.17190388,3584
"UGA","L06",2.93333333333333,0.5,0.608095238095238,786.258913484749,603.232449776786,595.861467633929,0.8,4.25878571428571,0.0908163265306123,0.109809833024119,0.231264172335601,0,3.20391156462585,0.552976190476191,0.0119047619047619,0.0279761904761905,0.298979591836735,0.108333333333333,3.71428571428571,3.852,0.460472428846928,716.757751529431,0.500591069077103,0.433333333333333,1,0,0.0333333333333333,0,0.0333333333333333,0,0.766666666666667,0.4,0,0.0333333333333333,0,0.6,0,0,0.2,0.0333333333333333,0.433333333333333,0,0,0,0.0666666666666667,0,0,0,0,0,0,0.0333333333333333,0,0,0.0333333333333333,0,0,0,0,0.0666666666666667,100,0,0.435185185185185,0.805555555555556,0.989247311827957,29.9,0.0227272727272727,0.268518518518519,1.89655172413793,0.4,0.754545454545455,0.98936170212766,32,0,0.581818181818182,2,0.9,0.1,667.358808686755,341.801432291666,325.557376395089,0.563672953387433,7.26666666666667,0.41743119266055,4.03669724770642,19.5366972477064,494.791666666666,0.590909090909091,0.318181818181818,0.733333333333333,25.8686755952381,0.576923076923077,0.433333333333333,22.2222222222222,14.8148148148148,7.40740740740741,3.7037037037037,3.7037037037037,3.7037037037037,11.1111111111111,25.9259259259259,0,0,1,0.866666666666667,0.0333333333333333,0.0333333333333333,0.833333333333333,31.18081181,68.81918819,3584
"UGA","L07",2.2,0.933333333333333,0.501904761904762,511.112351961953,295.227232142857,350.970284598214,0.5225,2.078,0.292936507936508,0,0,0,2.24623015873016,0.13276455026455,0,0,0.43462962962963,0.383333333333333,3.63333333333333,1.858,0.398732209065901,255.924434878118,0.53434043964864,0.1,0.366666666666667,0.0666666666666667,0.333333333333333,0,0.133333333333333,0,0.8,0.333333333333333,0,0,0,0.5,0.366666666666667,0,0.0666666666666667,0.666666666666667,0.366666666666667,0,0,0,0,0,0,0,0,0,0,0,0,0,0.0333333333333333,0,0,0,0.0333333333333333,0.0333333333333333,96.9375,0,0.445652173913043,0.826086956521739,0.974358974358974,32.6666666666667,0,0.130434782608696,2.25,0.256410256410256,0.756410256410256,0.970588235294118,23.75,0,0.705128205128205,1.98181818181818,0.806451612903226,0.193548387096774,358.387962611607,95.214332217262,263.173630394345,0.642748513574869,5.66666666666667,0.358823529411765,4.12941176470588,21.3823529411765,462.053571428571,0.941176470588235,0.705882352941177,0.566666666666667,27.734375,0.856060606060606,0.733333333333333,22.2222222222222,16.6666666666667,5.26315789473684,0,0,0,15.7894736842105,22.2222222222222,0.166666666666667,0,0.833333333333333,0.833333333333333,0.0333333333333333,0.0666666666666667,0.8,29.92424242,70.07575758,3584
